weibo_url,created_at,content,like_num,repost_num,comment_num
https://weibo.com/1768876554/H4UXt7Ghq,2018-11-29 15:57,喝多了，控制不了打妻儿，但控制得了打上司领导。喝多了，忍不住与家暴艺人站在一起，但忍得住与有政治问题的艺人站在一起。喝多了文化与喝文化一样博大精深，懂可做，知不为，蘸着分寸的直率，浸着醉意的精明。在罚酒三杯可过的地方，喝多了是借口，在喝多了当不了借口的地方，从不敢喝多。 ,8,21,0
https://weibo.com/1768876554/H4UVdE8CY,2018-11-29 15:51,贵国现实：成年男性是长不大的孩子。未成年女性可以当妈生孩子。 ,7,38,0
https://weibo.com/1768876554/H4SHkes7a,2018-11-29 10:12,请给你们的小可爱点个赞[米奇比心] ,9,12,0
https://weibo.com/1768876554/H4SEnhDYE,2018-11-29 10:04,呃，大型公关现场。搞得被害人是蒋劲夫一样。幸亏是在日本犯法。讲个笑话，国内法治靠国外！ ,5,8,0
https://weibo.com/1768876554/H4Qd5tBSQ,2018-11-29 03:52,【震怒：高校男副校长在女厕所偷拍被抓现行】昨日网曝，11月23日，江西工业职业技术学院副校长刘小飞（男）在女厕所偷拍被抓现行。据当事同学透露，刘校长用手机探入进行偷拍时被夺，发现手机里面有数十条相关偷拍视频......微评：诸位，你对此事有何评论？[怒][怒][怒] 西子丹论天下的秒拍视频 ,7,11,0
https://weibo.com/1768876554/GrixY8bgr,2018-07-23 21:42,#咩咩的更新# 今天去了医院（看骨科………），起床太早，还在外面跑了一天，所以现在躺在床上爬不起来了，决定旷工。 ,8,0,10
https://weibo.com/1768876554/GrivoeJhF,2018-07-23 21:36,同样在公益与维权上与雷闯有过交集的邓飞、霍庆川、郑楚然，后者的态度与前两者的轻飘飘截然不同。不知道是男人更喜欢混圈子，有什么友情共同体要捍卫，还是他们真的在生理上就没有办法感受到她人的痛苦。 ,3,7,0
https://weibo.com/1768876554/Griv7FerJ,2018-07-23 21:35,夏天睡觉的时候，你是空调几度党？ ,2,9,0
https://weibo.com/1768876554/Gric9ka9p,2018-07-23 20:49,你们怎么肥四…………………… ,6,0,2
https://weibo.com/1768876554/Gri4gza0I,2018-07-23 20:29,我们大重庆出租车司机一天的日常[doge][doge][doge]果子哥哥的秒拍视频 ,3,13,3
https://weibo.com/1768876554/Gri1kz56K,2018-07-23 20:22,刚刚看到的一波骚操作…… ,0,15,0
https://weibo.com/1768876554/GrkwQtmC5,2018-07-24 02:45,[左下]新闻频道刚才插播了一条消息：一查到底严肃问责[右下]长春公安最新通报：立案调查，长春长生主要负责人被抓 ,4,11,0
https://weibo.com/1768876554/GrkiAk1LG,2018-07-24 02:10,每当男人说话的时候漫威大姐头们的反应：#男人这种生物，真是很令人头大#[米奇大哭] ,6,32,0
https://weibo.com/1768876554/GrkidiiQC,2018-07-24 02:09,“山西全境，把疫苗从冷库里拉出来，拿到晒场上，让工人一支支拆包装再贴上标签，使得经营疫苗的华卫公司可以确保山西全境用的都是他的疫苗。这个让疫苗高温和曝晒的过程持续四到八小时。”昨天就说了，即便是进口疫苗，踏入中国国土后也没法知道运输是否合格。王克勤预言成真：山西疫苗案不了了之，山东及全国必出问题 ,1,49,1
https://weibo.com/1768876554/EuDFDxFy9,2017-02-08 23:31:49,[西风盛开之塔]南风与金色麦草 13 [西风盛开之塔]南风与金色麦草 13 大小姐喂别人蛋糕和玩别人领结都从来不需要经过允许。 ,9,1,2
https://weibo.com/1768876554/Grkhz9xd7,2018-07-24 02:08,大家好，《阅后即焚》已完售，还想要的请到728魔都百合only四处找找，藏得比较深，数量比较少，静待有缘人。线索：@百合会Yamibo ,3,0,0
https://weibo.com/1768876554/EuDfpduDf,2017-02-08 22:27:11,接到通知说开通微博付费问答功能了……我在思考我挂多少钱开张（问题发言）你们都想问些啥，我完全没印象诶q(￣￣;)r发个广播问问好了。 ,8,0,0
https://weibo.com/1768876554/GrjJMl1jN,2018-07-24 00:44,好好善待肝细胞啊 ,5,8,0
https://weibo.com/1768876554/EuCo6F9rb,2017-02-08 20:15:53,#Melan##ABO##年下#《Aurvandill-番外3-08（ABO）》 第二更，这对真是各种甜，我都觉得甜……虽然是二更也要留言哦！再次感谢小天使的长评！ Aurvandill-番外3-08（ABO） ,56,3,79
https://weibo.com/1768876554/GrjJ5eVZx,2018-07-24 00:43,突发思考: 能正面刚恐怖分子的安妮罗杰平时怎么锻炼？可能主要靠颠勺。 ,4,1,0
https://weibo.com/1768876554/EuCkBu7Zy,2017-02-08 20:07:15,抱歉，此微博已被作者删除。查看帮助：http://t.cn/Rfd3rQV,18,1,0
https://weibo.com/1768876554/GrjFp4FEm,2018-07-24 00:33,抱歉，此微博已被作者删除。查看帮助：http://t.cn/Rfd3rQV,4,9,0
https://weibo.com/1768876554/GrjEHFFqn,2018-07-24 00:32,我一直在想啊。。。。大家是更喜欢左边的还是右边的naizi呢，我的话还是喜欢左边这种，感觉很柔软有重力，但是经常被甲方说画的垂啊或者不够挺拔这种。。。反正我不太喜欢画特别○的奶子，看起来像注了硅胶的大皮球[跪了] ,4,1,0
https://weibo.com/1768876554/EuCfcaaVV,2017-02-08 19:53:54,抱歉，此微博已被作者删除。查看帮助：http://t.cn/Rfd3rQV,11,2,1
https://weibo.com/1768876554/EuC9tg75S,2017-02-08 19:39:49,昨天，还是前天？收到一篇长评，我忘了发了，刚刚想起来，为酬长评今天双更！小天使求码我干脆就不截名字和头像了，总之感谢她！（其实就是我写好了新的憋不住想发）（是的，本来是明天的份，今天发了明天就没了）（但是你们知道我就这个尿性，存不住啊！）（快夸我） ,22,1,11
https://weibo.com/1768876554/EuBxNlpFQ,2017-02-08 18:07:00,#守望先锋同人##双飞组# 谨以此献给那些被我该死的天使们（不）@守望先锋资讯君 ,4,2,0
https://weibo.com/1768876554/EuBtMfFdE,2017-02-08 17:57:06,#Melan##ABO##年下#《Aurvandill-番外3-07（ABO）》 觉得没有人能在更新这件事上比我更积极，根本憋不住，写好就想发，发完就想看评论。要是哪天没得更新就没有评论看，愁。明天可能没更新，愁。 Aurvandill-番外3-07（ABO） ,58,3,95
https://weibo.com/1768876554/EuAgotd4D,2017-02-08 14:51:23,我发起了一个投票 【你最讨厌盗文网站里出现哪句话？（欢迎补充！】你最讨厌盗文网站里出现哪句话？（欢迎补充！昨天围观灯阿姨被盗文有感……（当然我被盗的也很多，活在文包里被人盘盘相传的我 ,4,0,0
https://weibo.com/1768876554/EuAfSiGOf,2017-02-08 14:50:06,【国家卫计委：代孕违法违规 将继续严厉打击】近日，针对“全面两孩”放开后高龄夫妇孕育困难的问题，有专家建议有条件地放开代孕，引发社会热议。国家卫生计生委宣传司司长毛群安今日表示，国家卫计委已关注到代孕的问题，但代孕是违法违规的行为，下一步将继续严厉打击。http://t.cn/RJUefBi[话筒] ,9,11,1
https://weibo.com/1768876554/GrhDx9fLD,2018-07-23 19:23,说句无关的话，如果这回疫苗的事情曝光发酵到这种程度了，“有关部门”需要出来回应了，结果却是一而再再而三地提醒患者注意安全防范，尽量避免接种疫苗，你听完了心里能是什么感觉？这种感受就是一两个月之前滴滴案中很多女性看到舆论导向之后的真实感受。 ,4,11,0
https://weibo.com/1768876554/GrhCEs8mA,2018-07-23 19:21,程序员们花14小时寻找疫苗流向 ,4,11,0
https://weibo.com/1768876554/GrhARo1x6,2018-07-23 19:17,雷闯，中国第一个争取到食品行业健康证的乙肝病毒携带者，推动乙肝携带者权益进步的重要公益人物。23号早，有女性志愿者曝光在曾经的公益活动中遭雷闯性侵，并且是惯犯，除举报人以外还有更多受害者。雷闯很快回应，承认侵害事实，辞去公益机构职务，表示愿承担责任。目前媒体正尝试接触采访有关方面。 ,2,11,0
https://weibo.com/1768876554/E7fjleb6R,2016-09-08 03:13:58,重庆的大家坐地铁记得抬头瞧一瞧fufufu~~~ ,1,0,0
https://weibo.com/1768876554/GrdFH67tw,2018-07-23 09:18,分享图片 ,2,21,1
https://weibo.com/1768876554/E7di29cDp,2016-09-07 22:05:15,每个人生命中都有买过装逼的书比如我买了小王子和挪威的森林你呢？ ,1,3,0
https://weibo.com/1768876554/GrdCOj10O,2018-07-23 09:11,抱歉，由于作者设置，你暂时没有这条微博的查看权限哦。查看帮助：http://t.cn/RfdBWwP ,11,10,0
https://weibo.com/1768876554/E7cwAaY1G,2016-09-07 20:08:21,#Elsanna##ABO##妹攻#《名字也还没想好-7（ABO）》 【ABO注意，妹攻注意】终于发到7了，争取10章内把姐姐的发情期写完。这样美味可口的Elsa看完没有给我留点评论的冲动吗？ 名字也还没想好-7（ABO） ,106,8,69
https://weibo.com/1768876554/Gra5Vw4c3,2018-07-23 00:11,湄拉：“不知道你还记不记得我，神奇女侠。我是湄拉。”神奇女侠：“要忘记一个海里的阿芙罗狄忒很难。”妈耶 这也太撩了[跪了][跪了][跪了][跪了] ,6,7,0
https://weibo.com/1768876554/E7auUmg5z,2016-09-07 14:58:44,为什么古代的妓女往往需要学会琴棋书画？ ,3,9,0
https://weibo.com/1768876554/BaeW3nXQo,2014-06-22 23:34:37,目之所及 心之所向 嘴上再怎么让她走开 心里却还是为她悄悄打开了门 而只要一见到她 嘴角那一抹温柔便只为她绽放[lxhx泪目] 原帖 http://t.cn/RvjVOyM ,0,10,1
https://weibo.com/1768876554/E7ajUkGBe,2016-09-07 14:31:38,抱歉，此微博已被作者删除。查看帮助：http://t.cn/Rfd3rQV,1,29,0
https://weibo.com/1768876554/BaeVsceug,2014-06-22 23:33:08,抱歉，此微博已被作者删除。查看帮助：http://t.cn/Rfd3rQV,0,12,7
https://weibo.com/1768876554/Baet7tcib,2014-06-22 22:23:20,"东京地铁表面上已经够复杂了, 再看立体的话都无法想象他居然是这样的.[威武] ",1,0,0
https://weibo.com/1768876554/E7a7WmxE0,2016-09-07 14:02:08,该微博因被多人投诉，根据《微博社区公约》，已被删除。查看帮助：http://t.cn/zjmuxz1,6,2,0
https://weibo.com/1768876554/BvOyT0ZkB,2014-11-11 20:52:48,《我可以养你吗？ Chapter.10》 “兄弟们！姐妹们！”一道洪亮的声音打断了他们客套的寒暄，大家都朝着祭坛的方向看过去。那头龙火红火红的，该说它十分漂亮，一对角弯曲如绵羊，眼睛像是两颗黄玉髓，鳞片闪着...（阅读全文: http://t.cn/R7dzlIr 下载LOFTER客户端: http://t.cn/RPSYdQu） ,0,1,0
https://weibo.com/1768876554/BvO9shcAP,2014-11-11 19:50:08,男士们来说下：公开场合众目睽睽，你哥们儿给你媳妇儿披毯子，你生气不？女士们来说下：公开场合众目睽睽，你姐们儿给你老公披毯子，你生气不？#无聊挑事儿玩# [doge] ,1,0,0
https://weibo.com/1768876554/BaerbeIXg,2014-06-22 22:18:33,有时候觉得同样一篇文，作者走的是员工通道，虽然四通八达权限高但是连装修都只是刮个大白铺个防滑砖。读者看的是前台，倍儿温馨舒适……对员工通道好一点……工作顺畅一点…… ,0,0,0
https://weibo.com/1768876554/E75ryBsKb,2016-09-07 02:06:44,哈哈哈哈哈哈哈这个表情[笑cry] ,2,11,0
https://weibo.com/1768876554/E74jKg9xR,2016-09-06 23:14:45,我估计了一下，可能最多到第十章就要开始走剧情了。我还是没办法写篇纯肉文，真是sad……后面没有这么多肉的话还有人看吗？ ,28,0,41
https://weibo.com/1768876554/BvF3ihKVj,2014-11-10 20:40:15,#午间一萌#你虽然腿短但是也不能放弃走路啊。。。It's so adorable！！！又被戳中了膝盖！[羞嗒嗒]  ,1,1,0
https://weibo.com/1768876554/BaekAfMOW,2014-06-22 22:02:18,"挪威一个野生动物园Polar Zoo, 一个女饲养员休产假2个月，回来之后，她平时照顾的狼都飞奔过来又抱又舔，和汪星人一样。。 ",0,8,0
https://weibo.com/1768876554/BvES1rcMv,2014-11-10 20:12:29,该微博因被多人投诉，根据《微博社区公约》，已被删除。查看帮助：http://t.cn/zjmuxz1,1,2,0
https://weibo.com/1768876554/BvDK5nmXn,2014-11-10 17:20:11,双十一来发糖啦咯！百合大法好！上次av1626589的甜蜜重置版，补上上次遗漏的番，近30部番吧#姬骑##黑琴##奈菲##兔晴##千姬##北欧##elsanna##lovelive##轻音#，窝尽力了，做得比较赶，还请见谅！不过放闪神马的才是真理^0^ @amgioyao 【二次元百合cp群像】最重要的人就在身边！ 【二次元百合cp群像】最重要的人就在身边！  ,1,7,2
https://weibo.com/1768876554/Baeiy55Hg,2014-06-22 21:57:17,抱歉，此微博已被作者删除。查看帮助：http://t.cn/Rfd3rQV,2,0,2
https://weibo.com/1768876554/Baei2a4Ww,2014-06-22 21:56:01,也有一种幸福，是能被喜欢的人当宠物养。希望被他大大的手掌摸摸头，说好乖啊最喜欢你了。希望犯错时在他身边蜷一团，看他生气又无奈，骂几句＂怎么这么蠢＂然后抱抱。希望每天肚子饿的时候，他会魔术般地变出好吃的，一本正经要你先坐好。希望在所有的宠物里，他一眼看住你，说＂走吧回家，我养你。＂ ,0,3,0
https://weibo.com/1768876554/BvCcYhgeu,2014-11-10 13:25:51,嘛・・刚在群里看到这个奇葩・・・・敢情咱们画个图跟复印机一样，按个扭就出一张~ 尼玛现在去图片社打印个照片还一张15呢！敢让我知道你哪家的“编辑”，我保证不打死你！ ,2,0,2
https://weibo.com/1768876554/Baehsp3yK,2014-06-22 21:54:36,#沉睡魔咒#you are my sunshine ,2,11,0
https://weibo.com/1768876554/BvC9RlXzz,2014-11-10 13:18:11,【分享自 @肖根视频仓库L馆 的@网易LOFTER】 【弃疗向】《用周杰伦的方式打开POI》 ... （阅读全文：http://t.cn/R71Nnr3 下载LOFTER：http://t.cn/RPU0pi2） 下载LOFTER客户端：http://t.cn/RP4QLtu   ,1,0,0
https://weibo.com/1768876554/BvwgED6fd,2014-11-09 22:18:27,重庆信息技术职业学院 俗话说：家和万事兴，好女人，改变三代人的命运，教出好儿孙，坏女人，害三代人，家道或是一败涂地，女子是世界的源头，源头净的，水才会清。由此看来一个社会的兴衰，女德关系重大。信息学院首届“女德班”开班了， ,0,3,0
https://weibo.com/1768876554/Bae3R4abA,2014-06-22 21:21:05,日经新闻：日本雅虎购物网站将从6月起支持支付宝 ，以使中国消费者更方便购买 ,0,12,0
https://weibo.com/1768876554/Bvwav8XFn,2014-11-09 22:03:17,抱歉，此微博已被作者删除。查看帮助：http://t.cn/Rfd3rQV,0,5,6
https://weibo.com/1768876554/BadZdz2MA,2014-06-22 21:09:40,抱歉，此微博已被作者删除。查看帮助：http://t.cn/Rfd3rQV,1,11,0
https://weibo.com/1768876554/zlUcVaPOV,2013-03-04 19:23:32,#剑三##圈圈眼# 雨季到了，小少年们雨衣走起~先试着搞了少爷和策策，有时间补全>_O+ ,0,0,0
https://weibo.com/1768876554/zlUbktJAb,2013-03-04 19:19:35,该微博因被多人投诉，根据《微博社区公约》，已被删除。查看帮助：http://t.cn/zjmuxz1,0,0,0
https://weibo.com/1768876554/zlU9HoStV,2013-03-04 19:15:36,#微博寻人#【婴儿丢失近10小时了】长春载2个月大男婴的灰色丰田车被盗已近10小时。吉林高速管理局已排查方圆200公里收费站，一无所获，多家物业正排查地下车库。丢失车车牌为吉AMM102，男婴用红色小花被包裹，左肩有胎记。婴儿太小，需母乳喂养，现在肯定饿了吧。大家紧急扩散，快点找回孩子！[话筒] ,0,0,0
https://weibo.com/1768876554/zlU8tavgt,2013-03-04 19:12:33,寒假我哥去一家德国企业实习，认识了一个同来实习的德国骚年，于是把这个骚年来我家玩的时候发生的一些事撸成黑塔梗。完全是闲着没事干随便撸的，字丑画挫……算了自我娱乐么…… ,0,0,0
https://weibo.com/1768876554/zlNHzmQRb,2013-03-04 02:49:49,我想起有一次跟叔叔闹脾气，说她根本什么都没有考虑过，然后她可无奈的说，我不是一直在存钱吗？那是为了，在以后的任何时候，只要你说一声，我就能跟你私奔啊。――私奔真是个好浪漫的词――刚刚看了仙水的更新，徐小姐要和心爱私奔呢！ ,0,0,1
https://weibo.com/1768876554/zlNHiezZe,2013-03-04 02:49:08,我想起有一次跟叔叔闹脾气，说她根本什么都没有考虑过，然后她可无奈的说，我不是一直在存钱吗？那是为了，在以后的任何时候，只要你说一声，我就能跟你私奔啊。――私奔真是个好浪漫的词――刚刚看了仙水的更新，徐小姐要和心爱私奔呢！ ,3,1,4
https://weibo.com/1768876554/zlMHVueVW,2013-03-04 00:17:57,我在#网易视频#观看了《屏住呼吸看完全程 羽毛拿掉的瞬间雷鸣般掌声》，http://t.cn/zYCDOp5，很不错，分享给大家。 ,0,0,0
https://weibo.com/1768876554/zlMBZAMOy,2013-03-04 00:03:17,如果一个姑娘给你发短信说“我感冒了”，假如“多喝点水”是最坏的回答，那么最好的回答是什么？#毒德大学# ,0,1,0
https://weibo.com/1768876554/H4SGMg2lp,2018-11-29 10:10,:【公交坠江仅过30天，重庆又有乘客抢方向盘！被乘客按倒制服，现已被刑拘[话筒]】11月27日，重庆綦万高速，一男子在高速路上抢夺行驶中客车的方向盘，并将客车转弯灯开关撞弯，随即被四名男性乘客按倒在地。所幸事发过程中无人员伤亡。警方称男子已被刑事拘留。此事距10月28日重庆公交车坠江仅30天。微辣Video的秒拍视频,3,3,0
https://weibo.com/1768876554/zlMAjj8u2,2013-03-03 23:59:10,【TV689】原来毛利大叔也这么浪漫 ,0,4,7
https://weibo.com/1768876554/zlMcZ9t3N,2013-03-03 23:01:40,#东方不败X赵敏#笑红尘 http://t.cn/zYpxkbw 灵感来自上次微博主页看到的一张配对图 以及最近被新版笑傲刷屏刷多了 于是顺手拉一发#电影版# 此货纯属娱乐 切勿较真 以及我觉得她们俩可以互攻吧 顺便吐槽下 电影版赵敏的镜头是太少了QAQ 临时起意 懒得加字幕了【其实是懒 泥垢】 ,0,0,0
https://weibo.com/1768876554/H4UWSwRpa,2018-11-29 15:55,:8012年，基因可以编辑，但女孩却不能穿超短裙在德黑兰当代艺术博物馆的地下室里，藏着数量惊人的现代艺术大师杰作。而这间博物馆的命运，也折射出整个国家的命运。2018年，有人在颁奖典礼上用政治裹挟艺术；有人认为女性生来应该相夫教子，被家暴一定有自己的原因；而另外一些人，渴求用艺术发出自己的声音，艺术对她们来说，是唯一的发声渠道，是希望，是语言，是生命,4,9,0
https://weibo.com/1768876554/H4UYTvG1C,2018-11-29 16:00,:我觉得在这件事情上很多网友的看法的对的。怎么范冰冰出事的时候，她的亲朋好友不敢站出来说冰冰是个温柔善良可爱的姑娘，等待一个真相，错了就是错了但是我站你？怎么羽凡同一天被爆吸毒，海泉不敢站出来怀念20年前那个腼腆低调但才华横溢的少年，呐喊我们需要真相？归根到底还是因为，这些人知道偷税漏税是大事，知道吸毒是大事，却不觉得对一个女人施暴是什么大罪过。还是那句话，心疼朋友可以，不要在这种公众平台上说出来。以及，海泉的微博虽然很琼瑶很Drama并且很多人觉得是在迫不及待地洗白撇清自己，但你不得不承认，如果非要发声，海泉这样的方式，才是正确的。如果你非要心疼朋友，也请用“你为什么会犯下这样的大错”的句型。而不是你曾是一个阳光少年。,5,19,0
https://weibo.com/1768876554/y1kG6oGsb,2012-01-18 13:26:11,亲戚聚会发言大纲列表。……………………你们还要不要人过年啊！ ,0,0,0
https://weibo.com/1768876554/y1kFb5WFm,2012-01-18 13:23:53,对不起，不能我一个人瞎。这个耽美漫画实在太重口了。而且内容居然还是虐心的悲剧・・・・・・・・・ ,0,0,0
https://weibo.com/1768876554/y1kEg3I8g,2012-01-18 13:21:37,唐小万的相册【孩子和小动物都是真爱】 http://t.cn/z0gSE9i  @凡提柯基 ,0,0,0
https://weibo.com/1768876554/y1evsx8Sd,2012-01-17 21:43:28,【异端！去死吧！】 ,0,0,0
https://weibo.com/1768876554/H4UXj4L5X,2018-11-29 15:57,:有关蒋劲夫家暴事件：图1:27岁阳光巨婴，2:站家暴男，3:都是岁月的锅，岁月让他去家暴，4:有礼貌的家暴男，阳光巨婴x2，5:相信家暴男。图里的每个人都在说求真相，但蒋劲夫家暴事件暴露出的最大真相，就是在一个正常的法治社会，无论当事人性别地位，警方处理家暴的正常流程都应该是【保护受害人并逮捕施暴者】―――为什么我们大陆做不到做一点？为什么我们还有那么多弱者遭遇家暴还不被允许离婚的新闻？为什么有那么多弱者遭遇骚扰而求助无门酿成的悲剧？这件事的真相就是我们国家在相关事件的处理方式上落后于别人，作为公民，我们需要【一：要求政府重视反家暴、二：建议废除离婚冷静期、三：呼吁公安系统落实司法、四：努力改善社会舆论。】这是一次非常让人失望的集体表态，可以称得上社会责任感的缺失与个人影响力的滥用：作为公众人物，不敢对公权力提出个人意见倒是能理解，但对所有弱者处境的无视，实在让人无法苟同。,2,16,0
https://weibo.com/1768876554/y1etYlnOB,2012-01-17 21:39:46,"【- -】以后相恋就说Take my hand,单恋就说Let's have dinner.单恋还被对方讨厌就只能说I will burn you了。#那些Sherlock教我们的事# ",0,0,0
https://weibo.com/1768876554/y1eti7lre,2012-01-17 21:38:05,一个人如果遵照他的内心去活着，他要么成为一个疯子，要么成为一个传奇。 ,0,0,0
https://weibo.com/1768876554/y1esIDeoC,2012-01-17 21:36:42,中国历代经典纹饰（三） ,0,0,0
https://weibo.com/1768876554/y1erCnbw1,2012-01-17 21:34:00,【超级挤胸术 男人变女人】这哥们神奇了，这下知道那些爆乳是怎么来的了吧！[阴险] http://t.cn/Scimi3（更多请关注 @我彻底笑抽了 ）  ,0,0,0
https://weibo.com/1768876554/y1ecxa0lr,2012-01-17 20:56:47,#首发分享# 【纽约广告节震撼广告】其实人类很卑微 、很无耻 、很自私 ，如果人类放弃了，那它们也只能放弃了。。。http://t.cn/SqJNaj ,0,0,0
https://weibo.com/1768876554/y1eb3y0ou,2012-01-17 20:53:09,#黑塔利亚#【从小到大只看着英/国】「从什么时候开始 眼中只有你」#米英# ,0,0,0
https://weibo.com/1768876554/H4V0VEiEQ,2018-11-29 16:05,:最近社会争议性事件频出，我首页也百家争鸣了，前天有个姑娘私信我说喜欢的太太在某件事的立场上和自己三观不合，感到很伤心，我劝她大可不必:一来我们在人类历史的长河里无异于朝生暮死，没有足够的时间证明自己某方面的观点一定正确。二来大家喜欢同一个纸片人不代表三观就一致，观点的碰撞很正常，实在不快，默默取关也挺好的。个媒体时代很多人的误区都是太把自己当回事，经常取关了谁都恨不得发个通知，甚至要知会被取关者本人，仿佛这样就能动摇对方三观，简直是异想天开。而那些默默取关的人才是保有了最后的温柔，是“究其一生寻找同类”的人类彼此心照不宣的尊重。,2,1,0
https://weibo.com/1768876554/GvQKOjQwg,2018-08-22 20:09,:#咩咩的公告# #Aurvandill# #失而复得# 更新了一下二维码，之前那个号又炸了，请关注新号。入坑前请务必仔细阅读全文，有疑问请重新阅读全文，不要问我什么时候完结，该完结的时候就会完结了。 Aurvandill10月PDF已上架：Aurvandill-18年10月合集，失而复得10月合集已上架：失而复得-18年10月合集《文章目录＆入坑须知（3.0）》  文章目录＆入坑须知（3.0）,39,5,32
https://weibo.com/1768876554/GrivesGbM,2018-07-23 21:36,:【南大支教团在云南遭游民性骚扰：女队员洗澡被偷拍，警方调查】7月23日，南京大学彩云支教队发布声明，称其在云南省镇雄县支教过程中，部分女性支教人员受到当地游民骚扰，不得不提前结束了在当地的支教活动。7月23日中午，记者从镇雄县有关部门获悉，当地警方正在对该事件进行调查处理。7月23日，南大彩云支教通过官方微信公众号发布了“关于南大彩云尖山支教提前结束支教的声明”，称自2018年7月13日南大彩云尖山支教队到达山顶小学，出现多起女队员被当地游民骚扰的事件，包括言语骚扰、行为骚扰、偷看换衣、偷内衣裤等。2018年7月22日，支教队发现当地游民申某偷拍女队员洗澡，并将偷拍视频传播。针对该起事件，当地公安机关已正式立案并处相关惩罚。为了避免此类性骚扰事件再次发生，并考虑到队员的安全问题，支教队决定提前结束本次支教项目。”法制晚报・看法新闻南大一支教团在云南遭当地游民性骚扰，女生洗澡被偷拍传播,0,15,0
https://weibo.com/1768876554/Grkiq2n2J,2018-07-24 02:10,:【游客为吸引大熊猫投掷小石头 景区：将涉事游客列入景区“黑名单”】20日，陕西汉中佛坪熊猫谷景区，几名游客为吸引大熊猫注意，竟捡起地上小石块向其投掷。在劝阻无效后，工作人员将他们请离园区。当天被扔石块的大熊猫为一只7岁雄性熊猫，目前身体状况良好。园区负责人表示，将涉事游客列入黑名单。 人民日报的秒拍视频,4,2,0
https://weibo.com/1768876554/E7cuGAaLc,2016-09-07 20:03:41,:#梦想改造家#史老师母亲生病的消息传来，史老师在青岛工地上说了一句，虽然老吾老以及人之老，但自己的母亲，还是要好好照顾。那几天他的压力真的很大，小编和整个团队也都捏着一把汗。幸亏施工团队超级给力，并没有脱节；也万幸史老师的母亲平安度过，听到好消息的时候眼泪也快下来了。#极限改造#之#最快改造#,3,2,0
https://weibo.com/1768876554/Gra36AFQ6,2018-07-23 00:04,:【迪士尼小熊被游客打头：当场捂住脑袋被扶进休息室[怒]】7月21日，网友曝光迪士尼“雪莉玫”小熊被游客打头的视频。目击者称，听到砰一声，扮演雪莉玫的演员当场捂头，被扶进休息室。据悉，前一日扮演花栗鼠的演员刚被打成脑震荡，隔天再次发生此事，迪士尼粉丝很气愤。@微辣Video 微辣Video的秒拍视频,4,6,0
https://weibo.com/1768876554/E7ffyyJpQ,2016-09-08 03:04:39,:【《宗教事务条例修订草案（送审稿）》公开征求意见】2016年9月7日下午五点整，国务院法制办公室发布了关于《宗教事务条例修订草案（送审稿）》公开征求意见的通知。各位朋友，请关注当代中国宗教事务管理法制化建设！请登录国务院法制办公室网站，提出您的宝贵建议！通知全文如下：为了进一步增强立法的公开性和透明性，提高立法质量，国务院法制办公室决定，将国家宗教局报送的《宗教事务条例修订草案（送审稿）》（以下简称送审稿）全文公布，征求社会各界意见。现将有关事项通知如下：有关单位和各界人士可以在2016年10月7日前，通过以下三种方式提出意见　　一、登陆中国政府法制信息网（网址：http://t.cn/h9UXc），通过网站首页左侧的“法规规章草案意见征集系统”，对送审稿提出意见。　　二、通过信函方式将意见寄至：北京市2067信箱（邮政编码：100035），并请在信封上注明“宗教事务条例征求意见”字样。　　三、通过电子邮件方式将意见发送至：zjsw@chinalaw.gov.cn。 国务院法制办公室　　2016年9月7日国务院法制办发布关于《宗教事务条例修订草案（送审稿）》公开征求意见的通知《宗教事务条例修订草案（送审稿）》公开征求意见目前执行的国务院《宗教事务条例》自2004年11月颁布、2005年3月实施以来，已经过去了11年。2015年，恰值《宗教事务条例》实施10周年，7月23日，国家宗教事务局围绕修订《宗教事务条例》需要关注的重大问题举办第10期宗教工作论坛。其间，国家宗教事务局局长王作安出席此次论坛，对《宗教事务条例》修订工作提出要求。他强调说，修订《宗教事务条例》是国宗局2015工作的重中之重，要举全局之力切实做好。一方面，他表示，《宗教事务条例》这是宗教法制建设中的标志性进展，它首次以具有法律文件性质的条例保障公民宗教信仰自由、维护宗教和睦与社会和谐，规范宗教事务管理，让我国的宗教工作更加公开透明并开始纳入法治化的轨道；在肯定《宗教事务条例》的历史性意义的同时亦表示，该条例与时代相比已存在不适应，需要进一步完善宗教事务管理方面的立法，适时修改《宗教事务条例》。此次国务院法制办公室登出的《宗教事务条例修订草案（送审稿）》共有9600多字，目录中显示共有总则、宗教团体、宗教院校、宗教活动场所、宗教教职人员、宗教活动、宗教财产、法律责任和附则。,0,3,0
https://weibo.com/1768876554/Gra5cmLeL,2018-07-23 00:10,:【投稿】各位小美女们好！是这样的 我现在高二 准备开始学化妆了 妈妈也同意我化妆 自己本身眉毛不是很丑但是有很多杂毛 所以想去修眉 妈妈不同意我就自己偷偷去修了眉毛 结果她一看就知道我修眉了 被骂的狗血淋头 真的从来没见她这么生气过...她说修眉了就不是处女了？？？然后说我再敢去修眉就打死我...然后我去网上查了一下发现真的有这种说法 但是我也清楚这种说法根本不对 我也跟妈妈谈过但是一提起这件事她就很生气...我该怎么办啊[泪] 洞娘带图谢谢！[爱你],6,10,0
https://weibo.com/1768876554/GrdmejJrG,2018-07-23 08:30,:【#女友不肯一起买婚房# 杭州小伙直喊不可思议】#杭州爆料# C先生在杭州打算买房，买婚房虽是他的事，但和女友各出一半最理想，但女友却坚决不肯，“婚房各买各的，买完再准备结婚。”但分开买，就意味着两人都得背上更多房贷。把所有方案都考虑了，不让她吃亏，她也不同意。你觉得女生婚前要买房子吗？女友不肯一起买婚房 杭州小伙直喊不可思议,1,5,0
https://weibo.com/1768876554/GrjDddbSc,2018-07-24 00:28,:跟叔叔讨论小英雄，我没追这番，就跟着看了几集，也有点感触。欧尔麦特，最初出场那个美漫造型，我想不吃的人是大多数，然而在他漏气的那一刻，我就立马‘真香’了……我想很多人，很多角色都是这样的。英雄和圣者，是伟岸的，高尚的，值得崇拜和钦佩的，他们固然是灯火，是明星，是星辰和旗帜，然而他们永远不是可爱的和可亲的。只有当他们落魄时，受伤时，哭泣时，当他们身染鲜血和脆弱，当他们流泪哭泣，当他们像个凡人一样追悔，痛哭，辗转，求而不得时。他们便一下子可爱，并且可亲起来了。我不知道这是否是人类的恶劣，但毫无疑问，人只会爱人，人只能对同类升起同理心，同情心，代入感。哪怕是对动物，对家用电器，对血小板和红细胞，只要拟人了，一律可爱了。所以真正能让人从心底里去爱的英雄，绝不能是‘非人’的，想要打动人的角色，也绝不能是从头到尾高高在上的。……对，这就是我喜欢那种凡人英雄的理由。从黑暗中发出最耀眼的光，从最低的尘埃里诞生最高尚的灵魂，这萌点一辈子改不了了。,22,3,2
https://weibo.com/1768876554/b79Pkx,2011-02-28 12:28:56,新学期就像一个新的刑期，内容永远没有多大的变化，包括刑满的遥遥无期。但是悲哀的不是这日子过不下去，而是你每天都在说：“这日子没法过了！”可是这日子你仍旧每天都在过下去。 ,0,0,0
https://weibo.com/1768876554/aPBDXn,2011-02-24 00:55:31,睡不着，怎么都还是睡不着，虽然我很喜欢睡觉，但是有时候睡觉也是一件很可怕的事情啊……[困] ,0,0,0
https://weibo.com/1768876554/aze1e3,2011-02-19 13:26:22,突然就变冷起来了，这么快就开始倒春寒了吗？手指长冻疮了，在已经初春的时候[衰]，这样的日子就快到头了，但是太一到头我也就开学了，真不想回学校…… ,0,0,0
https://weibo.com/1768876554/316n9N,2010-08-19 23:10:02,我从没有想过原来在我不知道的时候会有人在默默地支持我。  即便只是微不足道的一点点闲暇中的顺手而为。  可是，那一点点期待，已经足够叫我欣喜感激。  原来有很厉害的人在看着我呢，有很厉害的人称赞了我。  这样的想法，一定，在很久很久以后也不会忘记。 ,1,0,1
