weibo_url,created_at,content,comment_user_id,like
https://weibo.cn/5063744248/H6D4hpULk,2018-12-10 22:53,回复@贪睡的大猫熊:开门，社区送温暖,5344854587,2
https://weibo.cn/5063744248/H6D4hpULk,2018-12-10 22:52,目标切合实际努力才有用，加油吧[开心],6134249406,1
https://weibo.cn/5063744248/H6D4hpULk,2018-12-10 22:15,真正努力过后才知道智商上的鸿沟是无法超越的,5991556185,72
https://weibo.cn/5063744248/H6D4hpULk,2018-12-11 19:19:28,努力，为自己，也不止为自己。[心],5618820746,0
https://weibo.cn/5063744248/H6D4hpULk,2018-12-11 18:39:28,说的对，搞不懂为什么个个都说买不起房子，打心底问问，你努力了吗？,2770085213,0
https://weibo.cn/5063744248/H6D4hpULk,2018-12-11 18:16,一直在努力，从不敢懈怠[赞],6101996211,0
https://weibo.cn/5063744248/H6D4hpULk,2018-12-11 17:51,回复@愿得一分真:社会已经固化很难再有机会,5674060702,0
https://weibo.cn/5063744248/H6D4hpULk,2018-12-11 17:40,回复@愿得一分真:那你就躺着，别给富人压榨你的机会,6567288300,0
https://weibo.cn/5063744248/H6D4hpULk,2018-12-11 17:30,回复@日常为逼为常日:进步具有两种可比，自己与自己的过去比较，自己与他人的比较。,2562302623,0
https://weibo.cn/5063744248/H6D4hpULk,2018-12-11 17:30,回复@愿得一分真:有了1000W的资本金就想着躺着？人家能积累起财富的人，人家就后面更努力的积累财富,2859850414,0
https://weibo.cn/5063744248/H6D4hpULk,2018-12-10 22:57,[心][加油],6474386673,0
https://weibo.cn/5063744248/H6D4hpULk,2018-12-10 22:56,一般觉得努力没用的人大都是努力过的过来人。,1423909815,0
https://weibo.cn/5063744248/H6D4hpULk,2018-12-10 22:56,只为遇见更好的自己，更好的她[笑cry],6054020585,0
https://weibo.cn/5063744248/H6D4hpULk,2018-12-10 22:56,努力需要时间的积累，才会发现它的价值，白日梦做的很爽但总有睡醒的时候,5394106553,0
https://weibo.cn/5063744248/H6D4hpULk,2018-12-10 22:56,坚持就是胜利[胜利] ,5537301244,0
https://weibo.cn/5063744248/H6D4hpULk,2018-12-10 22:56,只有真正努力过的人才懂得自己收获了什么,5016523558,0
https://weibo.cn/5063744248/H6D4hpULk,2018-12-10 22:57,努力,2695627740,0
https://weibo.cn/5063744248/H6D4hpULk,2018-12-10 22:56,[good][心],3462626832,0
https://weibo.cn/5063744248/H6D4hpULk,2018-12-10 22:57,转发微博,1803235921,0
https://weibo.cn/5063744248/H6D4hpULk,2018-12-10 22:57,不管怎样，努力是不会错的[拳头],2253968210,0
https://weibo.cn/5063744248/H6D4hpULk,2018-12-10 22:57,努力，考研成功,5268179514,0
https://weibo.cn/5063744248/H6D4hpULk,2018-12-10 22:57,[给你小心心],3831214657,0
https://weibo.cn/5063744248/H6D4hpULk,2018-12-10 22:58,努力加油[加油]好好生活,5596161716,0
https://weibo.cn/5063744248/H6D4hpULk,2018-12-10 22:58,希望自己越来越努力,5282232411,0
https://weibo.cn/5063744248/H6D4hpULk,2018-12-10 23:00,努力以后才发现，努力真没用,2649069251,0
https://weibo.cn/5063744248/H6D4hpULk,2018-12-10 22:58,你说让我们一起努力呀~让我们成为更好的自己吧[爱你]@THEO-朱正廷 ,6544261653,0
https://weibo.cn/5063744248/H6D4hpULk,2018-12-10 22:58,当你努力了一段时间没有收获时，才能明白坚持的意义。,5516511297,0
https://weibo.cn/5063744248/H6D4hpULk,2018-12-10 23:00,鸡汤[干杯]晚安,5809401999,0
https://weibo.cn/5063744248/H6D4hpULk,2018-12-10 22:58,努力才会有成就[加油],6745464016,0
https://weibo.cn/5063744248/H6D4hpULk,2018-12-10 23:00,努力[加油],5983463753,0
https://weibo.cn/5063744248/H6D4hpULk,2018-12-10 23:00,回复@KING_Patent-agent:夸张了哈！任何领域，收入都是参差不齐的。你要是觉得被过度医疗，你可以投诉举报啊！我相信医院会给你一个说法的。不相信医院，法律总该相信吧！微博不是维权的地方，言论自由也不是你想说啥就说啥，望慎言。这个世界并没有你想象的那么坏，你觉得它是黑暗的一角，但你知道它救过多少人的命吗？,6182667356,1
https://weibo.cn/5063744248/H6D4hpULk,2018-12-10 22:58,我会成为更好的自己,5590913656,0
https://weibo.cn/5063744248/H6D4hpULk,2018-12-10 22:59,不努力，才会觉得努力没用[心],1992509531,0
https://weibo.cn/5063744248/H6D4hpULk,2018-12-10 22:59,好的,6552798345,0
https://weibo.cn/5063744248/H6D4hpULk,2018-12-10 22:59,[给你小心心],6049581694,0
https://weibo.cn/5063744248/H6D4hpULk,2018-12-10 22:59,努力吧[加油],5949607461,0
https://weibo.cn/5063744248/H6D4hpULk,2018-12-10 22:59,【不努力，怎能成为更好的自己。】,6272966047,0
https://weibo.cn/5063744248/H6D4hpULk,2018-12-10 23:01,加油，信用,5361287341,0
https://weibo.cn/5063744248/H6D4hpULk,2018-12-10 23:01,明天也要努力工作[握手]美好明天[握手],5139331398,0
https://weibo.cn/5063744248/H6D4hpULk,2018-12-10 23:01,人生需努力[拳头],2590718143,0
https://weibo.cn/5063744248/H6D4hpULk,2018-12-10 23:01,加油[加油][加油][加油],6386015839,0
https://weibo.cn/5063744248/H6D4hpULk,2018-12-10 23:00,努力总会有一个努力的结果就是,2808642532,0
https://weibo.cn/5063744248/H6D4hpULk,2018-12-10 23:02,所以我不能裸考四级，还有四天[拳头][拳头],6525597051,0
https://weibo.cn/5063744248/H6D4hpULk,2018-12-10 23:00,新的一年要开始了，希望能成为更好的自己,3895611839,0
https://weibo.cn/5063744248/H6D4hpULk,2018-12-10 23:02,已经很努力，希望遇到更好的自己[强壮],2445147027,0
https://weibo.cn/5063744248/H6D4hpULk,2018-12-10 23:00,要努力[加油][加油][加油],1681941725,0
https://weibo.cn/5063744248/H6D4hpULk,2018-12-10 23:02,缓缓放下了手机[加油][加油],3910432297,0
https://weibo.cn/5063744248/H6D4hpULk,2018-12-10 23:00,不努力的人才会觉得努力没用[NO][NO],6587522344,0
https://weibo.cn/5063744248/H6D4hpULk,2018-12-10 23:02,为了生活努力着,6192139441,0
https://weibo.cn/5063744248/H6D4hpULk,2018-12-10 23:01,睡觉了！明天还要通宵一个晚上。努力也要看什么，碰到不好的领导，努力一辈子都是底层，碰到好的领导，提拔快。,5387965070,0
https://weibo.cn/5063744248/H6D4hpULk,2018-12-10 23:01,一起努力[强壮],3244008374,0
https://weibo.cn/5063744248/H6D4hpULk,2018-12-10 23:01,努力，加油，正能量[作揖],5833788863,0
https://weibo.cn/5063744248/H6D4hpULk,2018-12-10 23:03,嗯[小仙女],3283304872,0
https://weibo.cn/5063744248/H6D4hpULk,2018-12-10 23:03,嗯嗯嗯要努力,5983231291,0
https://weibo.cn/5063744248/H6D4hpULk,2018-12-10 23:02,嗯！,5675893408,0
https://weibo.cn/5063744248/H6D4hpULk,2018-12-10 23:02,回复@迷死亻:行 [泪],5488129035,0
https://weibo.cn/5063744248/H6D4hpULk,2018-12-10 23:05,不努力的人，才会觉得努力没用[鼓掌][鼓掌][鼓掌],2891630864,0
https://weibo.cn/5063744248/H6D4hpULk,2018-12-10 23:02,加油＾０＾~[拳头],6321095151,0
https://weibo.cn/5063744248/H6D4hpULk,2018-12-10 23:05,加油！看书去了!管理情绪 不能让情绪成为松懈的借口!,5580705003,0
https://weibo.cn/5063744248/H6D4hpULk,2018-12-10 23:02,努力[强壮],2621170797,0
https://weibo.cn/5063744248/H6D4hpULk,2018-12-10 23:07,坚持努力下去，总有一天会成为更好的自己[加油],3974546683,0
https://weibo.cn/5063744248/H6D4hpULk,2018-12-10 23:07,转发微博,2170771717,0
https://weibo.cn/5063744248/H6D4hpULk,2018-12-10 23:05,还是要努力的，成者为王，败者为寇,6132346349,0
https://weibo.cn/5063744248/H6D4hpULk,2018-12-10 23:05,好像有人在说我。。。。。,6788914628,1
https://weibo.cn/5063744248/H6D4hpULk,2018-12-10 23:06,[加油][加油][加油],2265803875,0
https://weibo.cn/5063744248/H6D4hpULk,2018-12-10 23:05,努力是了成全更好的自己，哪怕过程很辛苦，但至少不留遗憾。有时候，努力真的很难，但是想想如果不努力，还有什么希望呢！所以，努力是最后的希望,6021010652,0
https://weibo.cn/5063744248/H6D4hpULk,2018-12-10 23:05,回复@喝水阿姨:你不努力一把你都不知道什么是绝望！,6788914628,3
https://weibo.cn/5063744248/H6D4hpULk,2018-12-10 23:04,[作揖],6004655518,0
https://weibo.cn/5063744248/H6D4hpULk,2018-12-10 23:04,有些东西真不是努力就可以得到的，有些人说能力之外的资本为零，听听也就算了，努力不会得到自己想要拥有的，只是为了不让生活变得那么糟糕，努力不可缺少，但别把努力神化，@人民日报 觉得努力没用的人，也许是触摸到玻璃天花板的人。,1652454680,0
https://weibo.cn/5063744248/H6D4hpULk,2018-12-10 23:06,努力吧,3294236931,0
https://weibo.cn/5063744248/H6D4hpULk,2018-12-10 23:06,怎么能控制好自己呢？感觉自己现在每天都要浪费好多时间，好忧伤,5604153716,0
https://weibo.cn/5063744248/H6D4hpULk,2018-12-10 23:05,转发微博,6425843571,0
https://weibo.cn/5063744248/H6D4hpULk,2018-12-10 23:05,[羞嗒嗒],5936118048,0
https://weibo.cn/5063744248/H6D4hpULk,2018-12-10 23:06,不努力的人，才会觉得努力没用。,5661411065,0
https://weibo.cn/5063744248/H6D4hpULk,2018-12-10 23:08,转发微博,5522923946,0
https://weibo.cn/5063744248/H6D4hpULk,2018-12-10 23:05,是这样的！,3232598874,0
https://weibo.cn/5063744248/H6D4hpULk,2018-12-10 23:05,[good][good][good],5693942622,0
https://weibo.cn/5063744248/H6D4hpULk,2018-12-10 23:06,嗯，要像我喜欢的那个人一样，认真努力的生活,6630003808,0
https://weibo.cn/5063744248/H6D4hpULk,2018-12-10 23:08,努力,6232433535,0
https://weibo.cn/5063744248/H6D4hpULk,2018-12-10 23:05,怀挺[给你小心心][给你小心心]@喵喵喵陈陈,2090570131,0
https://weibo.cn/5063744248/H6D4hpULk,2018-12-10 23:06,[给你小心心],5747735204,0
https://weibo.cn/5063744248/H6D4hpULk,2018-12-10 23:08,应该提倡努力，而不是自己不努力去嘲笑努力的人,3242729921,0
https://weibo.cn/5063744248/H6D4hpULk,2018-12-10 23:08,来！喝了这碗热鸡汤,1640709352,0
https://weibo.cn/5063744248/H6D4hpULk,2018-12-10 23:09,回复@乱世巨咩:是的呀,6629735603,1
https://weibo.cn/5063744248/H6D4hpULk,2018-12-10 23:06,努力吧。,5690317491,0
https://weibo.cn/5063744248/H6D4hpULk,2018-12-10 23:07,坚持就是胜利，努力努力再努力[米奇比心],5604028692,0
https://weibo.cn/5063744248/H6D4hpULk,2018-12-10 23:07,不努力的人，才会觉得努力没用,6341752744,0
https://weibo.cn/5063744248/H6D4hpULk,2018-12-10 23:09,知错了，干了这碗鸡汤[干杯],5112761970,0
https://weibo.cn/5063744248/H6D4hpULk,2018-12-10 23:09,嗯，要努力！,5454556330,0
https://weibo.cn/5063744248/H6D4hpULk,2018-12-10 23:12,@正在飞往快乐星球  干了这碗鸡汤,6004244541,0
https://weibo.cn/5063744248/H6D4hpULk,2018-12-10 23:12,@鱼音音音 像不像我们和周围的人[哈哈][哈哈][哈哈],5620555714,0
https://weibo.cn/5063744248/H6D4hpULk,2018-12-10 23:10,我的分也努努力吧[给你小心心][给你小心心],5304749797,0
https://weibo.cn/5063744248/H6D4hpULk,2018-12-10 23:09,只有那些不愿努力的人，才会觉得努力没用，努力努力再努力，未来会更好[good],5753107102,0
https://weibo.cn/5063744248/H6D4hpULk,2018-12-10 23:09,加油吧[蓝心] ,6270494733,0
https://weibo.cn/5063744248/H6D4hpULk,2018-12-10 23:08,公然敢和中央政权对抗的地方，招商局集团，香港总部，今年8月15号上午，第三位接待官员，支持和表扬下级公司职员，渺视国家法律法规，贪污受赌，虚报假报，全方位打击报复举报人包括下毒药，杀人灭口身体伤痕累累，救命啊[泪][泪][伤心][伤心],6081855504,0
https://weibo.cn/5063744248/H6D4hpULk,2018-12-10 23:11,努力！,3557439217,0
https://weibo.cn/5063744248/H6D4hpULk,2018-12-10 23:09,努力了也许不一定会成功，但不努力就永远不会成功，在自己的时代，坚持自己的想法，追逐想要的生活,6607890600,0
https://weibo.cn/5063744248/H6D4hpULk,2018-12-10 23:08,比你优秀的人还在努力，你凭什么不努力。,5345549788,0
https://weibo.cn/5063744248/H6D4hpULk,2018-12-10 23:11,我也想努力啊,6433405158,0
https://weibo.cn/5063744248/H6D4hpULk,2018-12-10 23:09,不努力的人…才是觉得努力没用…[加油][加油][加油],6726561488,0
https://weibo.cn/5063744248/H6D4hpULk,2018-12-10 23:09,强烈已阅,6010580909,0
https://weibo.cn/5063744248/H6D4hpULk,2018-12-10 23:14,唯有努力，不负光阴,5346402048,0
https://weibo.cn/5063744248/H6D4hpULk,2018-12-10 23:08,回复@贪睡的大猫熊:如果你爸不是副总理，你再怎么努力也。。。。。。。算了，不敢说下去了！保命要紧！[doge],6788914628,1
https://weibo.cn/5063744248/H6D4hpULk,2018-12-10 23:10,有时候不努力一下，你都不知道什么是绝望。,6374895087,0
https://weibo.cn/5063744248/H6D4hpULk,2018-12-10 23:09,努力，要努力，努力变成万人迷[音乐][音乐][音乐],5646455732,0
https://weibo.cn/5063744248/H6D4hpULk,2018-12-10 23:13,[good][good][good],6568467172,0
https://weibo.cn/5063744248/H6D4hpULk,2018-12-10 23:10,努力一定会有努力的结果,6523462877,0
https://weibo.cn/5063744248/H6D4hpULk,2018-12-10 23:13,与其抱怨那么多不如努力做好自己能做的事[心][心],3822364442,3
https://weibo.cn/5063744248/H6D4hpULk,2018-12-10 23:13,在拼搏的年纪，不应选择安逸。甘愿做一名愤青，也不愿去努力的人，终有一天会因今天做出的决定而悔恨终身。,5559110820,0
https://weibo.cn/5063744248/H6D4hpULk,2018-12-10 23:10,越努力越幸运,6012316121,0
https://weibo.cn/5063744248/H6D4hpULk,2018-12-10 23:16,回复@童话里你的样子:对的，有些东西不在个人掌控范围内，就如我发的帖。有人要耍流氓，老百姓再努力有什么办法？2万多家庭辛苦半生积蓄被违法者和监管不力者抢劫。@人民日报,1415804015,13
https://weibo.cn/5063744248/H6D4hpULk,2018-12-10 23:13,青春就要奋斗[加油],5209494841,0
https://weibo.cn/5063744248/H6D4hpULk,2018-12-10 23:13,"回复@童话里你的样子:长生生物违法带病上市，害7月15日前的无辜股民雪本无归,疫苗受害者已有解决方案。吉林药监在事件中有重大责任,罚没款91亿多是长生融资骗取的百姓雪汗钱,受害股民胜诉亦索赔无门。呼吁公平正义,所有受害者赔偿应先于罚没。请大家支持转发,避免更多长生们来抢――劫,推动法治进步",1415804015,10
https://weibo.cn/5063744248/H6D4hpULk,2018-12-10 23:16,回复@singularity抑郁的地方:那之前那个心脏病病人必须做CPR剪开衣服救人最后反而赔了一千，这件事又该怎么解释？[摊手],6599127579,0
https://weibo.cn/5063744248/H6D4hpULk,2018-12-10 23:16,努力生活,6759121239,0
https://weibo.cn/5063744248/H6D4hpULk,2018-12-10 23:12,加油，努力，一起进步吧！,2196514715,0
https://weibo.cn/5063744248/H6D4hpULk,2018-12-10 23:16,我相信 越努力越幸运[心][加油],5702532548,0
https://weibo.cn/5063744248/H6D4hpULk,2018-12-10 23:15,越努力越幸运 加油才能遇见更好的自己[赞啊],5178622099,0
https://weibo.cn/5063744248/H6D4hpULk,2018-12-10 23:12,我也是属于那种很努力的人，但是大部分情况下我的努力并没有收获，反而换来了周围人的“你方法错了”.这让我想起了高考，高考结果真让人有些不可思议，那些平时看起来一般的同学却考上了一流大学，而我，平时很努力，但是结果却不尽人意，其实失败有很多原因，但是我们努力了就多多少少会有收获，,5327830513,0
https://weibo.cn/5063744248/H6D4hpULk,2018-12-10 23:15,我知道我现在努力了也成功不了了，但我还坚持着，我都被我的精神打动到了,3904647926,0
https://weibo.cn/5063744248/H6D4hpULk,2018-12-10 23:15,回复@爱_起步:[good][good][加油][加油][加油],2035014751,0
https://weibo.cn/5063744248/H6D4hpULk,2018-12-10 23:14,不守契约的人，才会觉得契约很空洞； 不去努力的人，才会觉得努力没有用； 不敢付出的人，才会害怕付出会白费； 不懂自律的人，才会觉得自律太无趣！,2521624744,0
https://weibo.cn/5063744248/H6D4hpULk,2018-12-10 23:14,真好,5456803516,0
https://weibo.cn/5063744248/H6D4hpULk,2018-12-10 23:14,努力就会有结果,6333761354,0
https://weibo.cn/5063744248/H6D4hpULk,2018-12-10 22:05,一直在努力，可有些东西，真的再努力都没用！,2045842863,127
https://weibo.cn/5063744248/H6D4hpULk,2018-12-10 22:05,为自己喜欢的一切，坚持努力,5230199337,0
https://weibo.cn/5063744248/H6D4hpULk,2018-12-10 22:05,好的！,2588514971,0
https://weibo.cn/5063744248/H6D4hpULk,2018-12-10 22:05,[赞],3880118922,0
https://weibo.cn/5063744248/H6D4hpULk,2018-12-10 22:05,一起努力[心][心][心]加油[强壮],5541156252,3
https://weibo.cn/5063744248/H6D4hpULk,2018-12-10 22:06,[握手],3518494050,0
https://weibo.cn/5063744248/H6D4hpULk,2018-12-10 22:05,说到点子上了,5705678930,1
https://weibo.cn/5063744248/H6D4hpULk,2018-12-10 22:06,一起努力呀,5092806322,0
https://weibo.cn/5063744248/H6D4hpULk,2018-12-10 22:05,努力[加油][加油][加油],5662800363,0
https://weibo.cn/5063744248/H6D4hpULk,2018-12-10 22:06,[作揖],5954813622,0
https://weibo.cn/5063744248/H6D4hpULk,2018-12-10 22:05,沙发,5559901497,1
https://weibo.cn/5063744248/H6D4hpULk,2018-12-10 22:06,嗯嗯[给你小心心],5515753729,0
https://weibo.cn/5063744248/H6D4hpULk,2018-12-10 22:06,努力！奋斗！,2168817884,0
https://weibo.cn/5063744248/H6D4hpULk,2018-12-10 22:05,[加油][加油][加油]加油努力,5498888493,0
https://weibo.cn/5063744248/H6D4hpULk,2018-12-10 22:05,奋斗,6851925943,0
https://weibo.cn/5063744248/H6D4hpULk,2018-12-10 22:05,回复@艺术人质:@人民日报,5541156252,0
https://weibo.cn/5063744248/H6D4hpULk,2018-12-10 22:06,有没有和我一样，想努力但不知道往哪方面努力的……,1352928657,0
https://weibo.cn/5063744248/H6D4hpULk,2018-12-10 22:06,@白小彩 [喵喵],1929969073,0
https://weibo.cn/5063744248/H6D4hpULk,2018-12-10 22:06,一定要好好努力[心],6551276513,1
https://weibo.cn/5063744248/H6D4hpULk,2018-12-10 22:06,只有努力过才知道努力了会怎样[拳头],5928340326,0
https://weibo.cn/5063744248/H6D4hpULk,2018-12-10 22:06,晚安[睡觉],5912056941,0
https://weibo.cn/5063744248/H6D4hpULk,2018-12-10 22:06,我知道努力有用，可是我偏不努力[微笑],5646379581,0
https://weibo.cn/5063744248/H6D4hpULk,2018-12-10 22:06,终有一天，你会成为更好的自己,5576098391,0
https://weibo.cn/5063744248/H6D4hpULk,2018-12-10 22:06,努力还是要努力，结果就看命吧,5406655144,1
https://weibo.cn/5063744248/H6D4hpULk,2018-12-10 22:06,努力怎么可能会没用？,2175584270,0
https://weibo.cn/5063744248/H6D4hpULk,2018-12-10 22:06,坚持[拳头]努力[强壮],6543139613,0
https://weibo.cn/5063744248/H6D4hpULk,2018-12-10 22:06,一定要努力！,2469366463,0
https://weibo.cn/5063744248/H6D4hpULk,2018-12-10 22:06,努力[强壮],6868231963,0
https://weibo.cn/5063744248/H6D4hpULk,2018-12-10 22:06,给自己加油[强壮],1959651445,0
https://weibo.cn/5063744248/H6D4hpULk,2018-12-10 22:06,加油努力,5234111665,0
https://weibo.cn/5063744248/H6D4hpULk,2018-12-10 22:06,加油 期末不挂科[Aloha][Aloha][Aloha],5241256639,0
https://weibo.cn/5063744248/H6D4hpULk,2018-12-10 22:06,看在我那么努力的份上，涨我信用吧[大哭],5654903448,0
https://weibo.cn/5063744248/H6D4hpULk,2018-12-10 22:06,说不好[挖鼻],6343490251,0
https://weibo.cn/5063744248/H6D4hpULk,2018-12-10 22:06,努力的人，最值得珍惜。,3672794864,7
https://weibo.cn/5063744248/H6D4hpULk,2018-12-10 22:06,加油,5607040349,0
https://weibo.cn/5063744248/H6D4hpULk,2018-12-10 22:06,要加油鸭[给你小心心],5248312878,1
https://weibo.cn/5063744248/H6D4hpULk,2018-12-10 22:06,’努力’你捡一下我，我七零八落。,5088324555,1
https://weibo.cn/5063744248/H6D4hpULk,2018-12-10 22:06,有花堪折直须折，莫待无花空折枝,6625108719,0
https://weibo.cn/5063744248/H6D4hpULk,2018-12-10 22:06,努力，才能成为最好的自己,2119083587,0
https://weibo.cn/5063744248/H6D4hpULk,2018-12-10 22:06,越努力越优秀,6529986419,0
https://weibo.cn/5063744248/H6D4hpULk,2018-12-10 22:06,真的要努努力了 不然后悔都来不及了,2726421685,0
https://weibo.cn/5063744248/H6D4hpULk,2018-12-10 22:06,就像我爱豆说的，要非常非常非常非常非常非常非常努力才能成功[太阳][太阳][太阳],5921553638,0
https://weibo.cn/5063744248/H6D4hpULk,2018-12-10 22:06,努力。,5802331851,0
https://weibo.cn/5063744248/H6D4hpULk,2018-12-10 22:06,睡前看下人民日报的鸡汤，美滋滋,5079750291,22
https://weibo.cn/5063744248/H6D4hpULk,2018-12-10 22:06,回复@艺术人质:一起努力[心],6317994817,0
https://weibo.cn/5063744248/H6D4hpULk,2018-12-10 22:06,坚持,5607040349,0
https://weibo.cn/5063744248/H6D4hpULk,2018-12-10 22:06,好像已经知道了成绩……,6001686953,0
https://weibo.cn/5063744248/H6D4hpULk,2018-12-10 22:06,加油,6254223356,0
https://weibo.cn/5063744248/H6D4hpULk,2018-12-10 22:06,压力大？躺下受力面积大[哈哈],2863145474,0
https://weibo.cn/5063744248/H6D4hpULk,2018-12-10 22:07,加油！[拳头],3592555410,0
https://weibo.cn/5063744248/H6D4hpULk,2018-12-10 22:07,要努力,2680065593,0
https://weibo.cn/5063744248/H6D4hpULk,2018-12-10 22:07,终有一天！,2599271554,0
https://weibo.cn/5063744248/H6D4hpULk,2018-12-10 22:07,在努力 可不知结果 很慌 明年不可期,1740398757,0
https://weibo.cn/5063744248/H6D4hpULk,2018-12-10 22:07,不努力永远都不知道努力的作用,6716594126,0
https://weibo.cn/5063744248/H6D4hpULk,2018-12-10 22:07,努力了也许不一定会成功，但不努力就永远不会成功，在自己的时代，坚持自己的想法，追逐想要的生活,3850745013,15
https://weibo.cn/5063744248/H6D4hpULk,2018-12-10 22:07,要努力啊[羞嗒嗒][羞嗒嗒][羞嗒嗒],6444255851,0
https://weibo.cn/5063744248/H6D4hpULk,2018-12-10 22:07,所以努力是第一步,5041805724,0
https://weibo.cn/5063744248/H6D4hpULk,2018-12-10 22:07,夜读，成为更好的自己@人民日报 ,5502134977,0
https://weibo.cn/5063744248/H6D4hpULk,2018-12-10 22:07,为了成为更好的自己必须努力[爱心],1911105223,1
https://weibo.cn/5063744248/H6D4hpULk,2018-12-10 22:07,加油[加油][加油][加油],6088227383,0
https://weibo.cn/5063744248/H6D4hpULk,2018-12-10 22:07,这话说的没毛病！,6600408354,0
https://weibo.cn/5063744248/H6D4hpULk,2018-12-10 22:07,努力想想，今年过年回家，怎么应付催婚。,2179760521,2
https://weibo.cn/5063744248/H6D4hpULk,2018-12-10 22:07,回复@童话里你的样子:对的，比如医生收入低的问题，比如医闹屡禁不止的问题，光靠医生努力根本不见效[摊手],6599127579,2
https://weibo.cn/5063744248/H6D4hpULk,2018-12-10 22:07,坚持下去，成为更好的自己[加油],6470711810,0
https://weibo.cn/5063744248/H6D4hpULk,2018-12-10 22:07,晚安咯,5883090147,0
https://weibo.cn/5063744248/H6D4hpULk,2018-12-10 22:07,加油[拳头],2805934103,0
https://weibo.cn/5063744248/H6D4hpULk,2018-12-10 22:07,全力以赴 一定很酷,1889719011,1
https://weibo.cn/5063744248/H6D4hpULk,2018-12-10 22:08,不问结果，唯有前行,5371146361,0
https://weibo.cn/5063744248/H6D4hpULk,2018-12-10 22:08,相信人生没有白走的路 每一步 都算数,5107847701,0
https://weibo.cn/5063744248/H6D4hpULk,2018-12-10 22:08,不见得,2651307610,0
https://weibo.cn/5063744248/H6D4hpULk,2018-12-10 22:08,听说多平均阳光信用会高？,1992948495,0
https://weibo.cn/5063744248/H6D4hpULk,2018-12-10 22:08,很多人到现在都不谈恋爱是因为一次没谈过，通过身边人看透了很多，所以越来越不想谈恋爱，开始是找不到合适的对象，后来是连个暗恋对象都难以找到。,6415765322,14
https://weibo.cn/5063744248/H6D4hpULk,2018-12-10 22:07,努力的人[给你小心心]总知道自己收获了什么,2879508130,1
https://weibo.cn/5063744248/H6D4hpULk,2018-12-10 22:07,最重要的还是关系吧,2849469525,0
https://weibo.cn/5063744248/H6D4hpULk,2018-12-10 22:08,坐拥几个亿，躺着都能挣钱，我想问每天再努力也就几十块钱，这是不是努力后给富人压榨你的机会？,2562302623,8
https://weibo.cn/5063744248/H6D4hpULk,2018-12-10 22:08,是呀！,3911637710,0
https://weibo.cn/5063744248/H6D4hpULk,2018-12-10 22:08,是的，努力总会有一个努力的结果的，和不努力肯定是不一样的。一些人老是发表努力无用论然后坐着等天上掉馅饼的美梦，真是搞笑呢，说努力没用的不就是给自己懒惰的借口么？,2091413055,6
https://weibo.cn/5063744248/H6D4hpULk,2018-12-10 22:08,这正是厚积薄发的真谛[哆啦A梦微笑]（今天夜读这么早，我还不想睡呐,6352206627,0
https://weibo.cn/5063744248/H6D4hpULk,2018-12-10 22:08,是啊，所以我们要努力[强壮],6519039673,1
https://weibo.cn/5063744248/H6D4hpULk,2018-12-10 22:08,输和赢的区别是………不放弃,3513402390,1
https://weibo.cn/5063744248/H6D4hpULk,2018-12-10 22:08,[可爱],3229350017,0
https://weibo.cn/5063744248/H6D4hpULk,2018-12-10 22:08,不努力，连成功的机会都没有，至少还是要试一试的,3049536027,0
https://weibo.cn/5063744248/H6D4hpULk,2018-12-10 22:08,@Barca_jun 喝点鸡汤,2173459871,0
https://weibo.cn/5063744248/H6D4hpULk,2018-12-10 22:08,要努力努力再努力  越努力，越幸运,5963443486,6
https://weibo.cn/5063744248/H6D4hpULk,2018-12-10 22:08,每一天都在努力！！加油！对自己说,6659827534,0
https://weibo.cn/5063744248/H6D4hpULk,2018-12-10 22:08,坚持就是胜利,5655542952,0
https://weibo.cn/5063744248/H6D4hpULk,2018-12-10 22:08,晚安,3814268545,0
https://weibo.cn/5063744248/H6D4hpULk,2018-12-10 22:08,中掴只有五个州 福州 泉州 杭州 贵州 温州 谁能多说出一个我吃翔[doge],6411242150,1
https://weibo.cn/5063744248/H6D4hpULk,2018-12-10 22:08,努力有用，可我不想努力[二哈],3967180287,0
https://weibo.cn/5063744248/H6D4hpULk,2018-12-10 22:09,始终相信越努力越幸运！！,5742397976,0
https://weibo.cn/5063744248/H6D4hpULk,2018-12-10 22:09,睡前心灵鸡汤，暖暖的,3166822700,0
https://weibo.cn/5063744248/H6D4hpULk,2018-12-10 22:09,努力了才会有回报 加油加油。[心]@X玖少年团肖战DAYTOY ,2254507740,0
https://weibo.cn/5063744248/H6D4hpULk,2018-12-10 22:09,不断进步才能更好的适应社会,6616797509,0
https://weibo.cn/5063744248/H6D4hpULk,2018-12-10 22:09,越努力才会变得更好 成为更好的自己 晚安报报,2323375044,2
https://weibo.cn/5063744248/H6D4hpULk,2018-12-10 22:08,可是你别以什么标准说人家不努力[吃瓜],5349353246,0
https://weibo.cn/5063744248/H6D4hpULk,2018-12-10 22:08,想努力却又懒怠怎么办，首页有很努力很努力的人吗[哆啦A梦吃惊],3841517230,0
https://weibo.cn/5063744248/H6D4hpULk,2018-12-10 22:10,坚持下去[强壮] ,6445175883,0
https://weibo.cn/5063744248/H6D4hpULk,2018-12-10 22:10,@Annly瑶,2341518910,0
https://weibo.cn/5063744248/H6D4hpULk,2018-12-10 22:10,全力以赴，不辜负自己[加油][加油],3934520107,0
https://weibo.cn/5063744248/H6D4hpULk,2018-12-10 22:10,晚安[月亮],5869603944,0
https://weibo.cn/5063744248/H6D4hpULk,2018-12-10 22:10,好好努力一把[花痴],2020733811,0
https://weibo.cn/5063744248/H6D4hpULk,2018-12-10 22:10,越努力越幸运！加油！,5342266529,0
https://weibo.cn/5063744248/H6D4hpULk,2018-12-10 22:09,努力[拳头],6579179872,0
https://weibo.cn/5063744248/H6D4hpULk,2018-12-10 22:09,如果连努力都要开始性价比了，那就太功利化了。,1286573882,0
https://weibo.cn/5063744248/H6D4hpULk,2018-12-10 22:09,转发微博,5702027251,0
https://weibo.cn/5063744248/H6D4hpULk,2018-12-10 22:09,坚持是一件很困难的事,3639801071,0
https://weibo.cn/5063744248/H6D4hpULk,2018-12-10 22:09,对！,3071105755,0
https://weibo.cn/5063744248/H6D4hpULk,2018-12-10 22:09,晚安[心],6430589306,0
https://weibo.cn/5063744248/H6D4hpULk,2018-12-10 22:09,共勉[可爱],2144386040,0
https://weibo.cn/5063744248/H6D4hpULk,2018-12-10 22:10,[good]加油！,6616380054,0
https://weibo.cn/5063744248/H6D4hpULk,2018-12-10 22:09,@rachelisrighthere,1222294653,0
https://weibo.cn/5063744248/H6D4hpULk,2018-12-10 22:10,或者说，你可能只是看起来好像很努力……,5633558695,0
https://weibo.cn/5063744248/H6D4hpULk,2018-12-10 22:10,转发微博,5996354601,0
https://weibo.cn/5063744248/H6D4hpULk,2018-12-10 22:09,今天夜读发的早,5238727024,0
https://weibo.cn/5063744248/H6D4hpULk,2018-12-10 22:10,喜欢鸡汤和名句的朋友看过来，内容绝对不会让你失望哦。[抱抱][抱抱]晚安！,3799500552,1
https://weibo.cn/5063744248/H6D4hpULk,2018-12-10 22:09,年轻，就是拿来努力的。[带着微博去旅行],2168073524,0
https://weibo.cn/5063744248/H6D4hpULk,2018-12-10 22:10,努力的人，最值得珍惜。,3253410102,0
https://weibo.cn/5063744248/H6D4hpULk,2018-12-10 22:10,努力，即便不会成为自己想要的模样，但也不会变成自己讨厌的模样,6006388146,0
https://weibo.cn/5063744248/H6D4hpULk,2018-12-10 22:09,鸡汤一扫而过，不值得细看,6822686266,0
https://weibo.cn/5063744248/H6D4hpULk,2018-12-10 22:10,那有什么幸运，不过是长期努力的结果[心],2707540851,0
https://weibo.cn/5063744248/H6D4hpULk,2018-12-10 22:10,回复@愿得一分真:没错，企业就是这样的,5674060702,0
https://weibo.cn/5063744248/H6D4hpULk,2018-12-10 22:10,买得起四合院么？,1169822500,0
https://weibo.cn/5063744248/H6D4hpULk,2018-12-10 22:10,[doge],6004223700,0
https://weibo.cn/5063744248/H6D4hpULk,2018-12-10 22:10,加油！,5672802454,0
https://weibo.cn/5063744248/H6D4hpULk,2018-12-10 22:10,好好读书充实自己,5178881556,0
https://weibo.cn/5063744248/H6D4hpULk,2018-12-10 22:10,坚持！,5196225204,0
https://weibo.cn/5063744248/H6D4hpULk,2018-12-10 22:11,我会的[心],3318304151,0
https://weibo.cn/5063744248/H6D4hpULk,2018-12-10 22:11,努力不一定有收获，但不努力肯定不会有收获！,1898857797,0
https://weibo.cn/5063744248/H6D4hpULk,2018-12-10 22:12,灌下这碗鸡汤！明天成为更好的自己！,5841857001,0
https://weibo.cn/5063744248/H6D4hpULk,2018-12-10 22:12,加油鸭,5846251979,0
https://weibo.cn/5063744248/H6D4hpULk,2018-12-10 22:10,我王境泽就是饿死，从这里跳下去，也不会努力一点点[嘻嘻],5876758907,0
https://weibo.cn/5063744248/H6D4hpULk,2018-12-10 22:10,太阳在东方升起，西方日落在黄昏[鲜花][哈哈],5881849575,0
https://weibo.cn/5063744248/H6D4hpULk,2018-12-10 22:11,回复 @-资深气象爱好者-:社会的进步与变化是历史的洪流，你有那么大能力吗？大人物是百年一遇的。[吃瓜],6071497130,0
https://weibo.cn/5063744248/H6D4hpULk,2018-12-10 22:11,[给你小心心][给你小心心]好好努力@丫头家的小丹毛  ,6095925211,0
https://weibo.cn/5063744248/H6D4hpULk,2018-12-10 22:12,努力的人，才会觉得努力有用。人民日报浓眉大眼的也来贩卖焦虑了。,6720494726,0
https://weibo.cn/5063744248/H6D4hpULk,2018-12-10 22:11,睡前喝碗鸡汤！！！加油吧[加油][加油][加油],5151306323,0
https://weibo.cn/5063744248/H6D4hpULk,2018-12-10 22:11,方向不对，努力白费。,6562978249,0
https://weibo.cn/5063744248/H6D4hpULk,2018-12-10 22:11,对不起今天是看了一下午家有儿女的咸鱼,1747702103,0
https://weibo.cn/5063744248/H6D4hpULk,2018-12-10 22:11,我要努力[强壮],5610340931,0
https://weibo.cn/5063744248/H6D4hpULk,2018-12-10 22:11,人生总要努力拼一把,6189337517,0
https://weibo.cn/5063744248/H6D4hpULk,2018-12-10 22:11,不放弃，才会有奇迹[太开心],5866515810,0
https://weibo.cn/5063744248/H6D4hpULk,2018-12-10 22:11,冲标题[good][good][good],3738642291,0
https://weibo.cn/5063744248/H6D4hpULk,2018-12-10 22:10,坚持[拳头]努力[拳头]才会收获更好的自己[拳头],5627505089,0
https://weibo.cn/5063744248/H6D4hpULk,2018-12-10 22:10,[加油],5580894604,0
https://weibo.cn/5063744248/H6D4hpULk,2018-12-10 22:12,今天也是努力学英语的小辣鸡[作揖],6280752565,0
https://weibo.cn/5063744248/H6D4hpULk,2018-12-10 22:11,努力成为更好的人[心],5621507408,0
https://weibo.cn/5063744248/H6D4hpULk,2018-12-10 22:11,努力吧，像能量用不完一样。,2656193534,0
https://weibo.cn/5063744248/H6D4hpULk,2018-12-10 22:11,[微风][微风][微风],6394031940,0
https://weibo.cn/5063744248/H6D4hpULk,2018-12-10 22:10,@是末雪不是未雪_ 所以咱还是得努力[泪][泪],5538791648,1
https://weibo.cn/5063744248/H6D4hpULk,2018-12-10 22:12,我努力，只是希望以后的自己不后悔,3601859915,0
https://weibo.cn/5063744248/H6D4hpULk,2018-12-10 22:11,终有一天，你会成为自己想要成为的样子！,6335934551,0
https://weibo.cn/5063744248/H6D4hpULk,2018-12-10 22:11,坚持努力，做最好的自己，给自己加油,1196301061,0
https://weibo.cn/5063744248/H6D4hpULk,2018-12-10 22:10,努力不是为了超越谁，而是成为更好的自己。,6013713607,0
https://weibo.cn/5063744248/H6D4hpULk,2018-12-10 22:10,一直在努力成为更好的自己！,3223799257,0
https://weibo.cn/5063744248/H6D4hpULk,2018-12-10 22:12,默默努力,5261994450,0
https://weibo.cn/5063744248/H6D4hpULk,2018-12-10 22:11,每天给自己打个气,5949257653,0
https://weibo.cn/5063744248/H6D4hpULk,2018-12-10 22:10,鸡汤等同于奴化,2141957137,0
https://weibo.cn/5063744248/H6D4hpULk,2018-12-10 22:12,加油,3885536455,0
https://weibo.cn/5063744248/H6D4hpULk,2018-12-10 22:12,原来乳齿,6457411943,0
https://weibo.cn/5063744248/H6D4hpULk,2018-12-10 22:10,努力过才知道我也能行，坚持下来真的会成功,5807183454,0
https://weibo.cn/5063744248/H6D4hpULk,2018-12-10 22:12,夜读[给你小心心],5189928310,0
https://weibo.cn/5063744248/H6D4hpULk,2018-12-10 22:12,永远不要因为别人的言论而怀疑自己，也不要因为喜欢谁而看低自己。你所有的优缺点，都是为了能接纳你现在这个样子的人而准备的。DD致自己,5082980544,0
https://weibo.cn/5063744248/H6D4hpULk,2018-12-10 22:13,愿不负光阴，不负野心，用努力成全一个更好的自己。,2215691233,0
https://weibo.cn/5063744248/H6D4hpULk,2018-12-10 22:13,努力做更好的自己[加油],1793034710,1
https://weibo.cn/5063744248/H6D4hpULk,2018-12-10 22:13,觉得努力有用的人也不一定努力的起来，比如我[允悲],1190676477,0
https://weibo.cn/5063744248/H6D4hpULk,2018-12-10 22:13,！,2670614961,0
https://weibo.cn/5063744248/H6D4hpULk,2018-12-10 22:13,或许努力不一定会得到同等的回报，但不努力一定没有的。量变到达一定数量会发生质变的[good],6070187668,1
https://weibo.cn/5063744248/H6D4hpULk,2018-12-10 22:13,越努力就越幸运,2972864152,0
https://weibo.cn/5063744248/H6D4hpULk,2018-12-10 22:12,如果努力是件十分孤独的事呢[悲伤],6304511591,0
https://weibo.cn/5063744248/H6D4hpULk,2018-12-10 22:14,丧里丧气的雨夹雪天气，需要来一碗人民日报的鸡汤暖暖身体，重新唤醒斗志[加油],1943456833,0
https://weibo.cn/5063744248/H6D4hpULk,2018-12-10 22:14,不努力的人，才会觉得努力没用！,2658529380,0
https://weibo.cn/5063744248/H6D4hpULk,2018-12-10 22:14,嗯呐，一年比一年好，一年比一年努力[嘻嘻],2930244777,0
https://weibo.cn/5063744248/H6D4hpULk,2018-12-10 22:13,加油[拳头]年轻真好,6473691354,0
https://weibo.cn/5063744248/H6D4hpULk,2018-12-10 22:13,[作揖][作揖][作揖],3625928814,0
https://weibo.cn/5063744248/H6D4hpULk,2018-12-10 22:13,加油鸭[笑哈哈],6231616607,0
https://weibo.cn/5063744248/H6D4hpULk,2018-12-10 22:15,没错！我要努力！！加油！！,3255532112,0
https://weibo.cn/5063744248/H6D4hpULk,2018-12-10 22:15,回复@BSNL粉黛:加油,5393259810,1
https://weibo.cn/5063744248/H6D4hpULk,2018-12-10 22:15,是的呢,5453507800,0
https://weibo.cn/5063744248/H6D4hpULk,2018-12-10 22:15,坚持成为更好的自己！,5293558609,0
https://weibo.cn/5063744248/H6D4hpULk,2018-12-10 22:14,加油坚持！不尝试怎么会知道没用呢[强],5974114650,0
https://weibo.cn/5063744248/H6D4hpULk,2018-12-10 22:16,在考虑要不要读博，客观上来讲肯定是读了对自身发展好，主观上不想读，有点读怕了，有人给点建议吗[笑而不语],5794295367,0
https://weibo.cn/5063744248/H6D4hpULk,2018-12-10 22:16,努力吧,2472959791,0
https://weibo.cn/5063744248/H6D4hpULk,2018-12-10 22:15,#24条公益群[超话]#24条公益群一直在努力，坚持不敢弃个案维权，也不放弃把共债共签写进民法典！越努力越幸运@最高人民法院  @福建高院  @厦门湖里法院  @厦门中级法院  @思鸣法槌,3570327194,0
https://weibo.cn/5063744248/H6D4hpULk,2018-12-10 22:15,优秀的人都会一直努力 努力就会有收货,6864287052,0
https://weibo.cn/5063744248/H6D4hpULk,2018-12-10 22:14,今天不仅收获了offer，同时还收获了一份国际奖学金。  过程很坎坷，但是，这真的是对你的努力最好的肯定，这种幸福感不言而喻。感恩每一天，因为你只有这短短几十年[心],6415506276,0
https://weibo.cn/5063744248/H6D4hpULk,2018-12-10 22:16,明天改变,6123555504,0
https://weibo.cn/5063744248/H6D4hpULk,2018-12-10 22:14,越优秀的人越努力[赞]不要犹豫，从这一刻开始，给自己定下一个目标，不用太高，一步一步来[心],5892036598,0
https://weibo.cn/5063744248/H6D4hpULk,2018-12-10 22:14,还是谢谢心灵鸡汤来的太及时了[坏笑],1600188180,0
https://weibo.cn/5063744248/H6D4hpULk,2018-12-10 22:15,对的,3845020310,0
https://weibo.cn/5063744248/H6D4hpULk,2018-12-10 22:15,回复@童话里你的样子:努力或许没收获，不努力是哪来的收获.,6830260433,6
https://weibo.cn/5063744248/H6D4hpULk,2018-12-10 22:14,努力努力再努力，脚踏实地谋发展,6554134526,0
https://weibo.cn/5063744248/H6D4hpULk,2018-12-10 22:15,[加油][加油][加油],6420853768,0
https://weibo.cn/5063744248/H6D4hpULk,2018-12-10 22:15,努力了才知道自己能不能行,2619018230,0
https://weibo.cn/5063744248/H6D4hpULk,2018-12-10 22:14,奇迹源于不放弃,5997416296,0
https://weibo.cn/5063744248/H6D4hpULk,2018-12-10 22:17,[加油],6372003143,0
https://weibo.cn/5063744248/H6D4hpULk,2018-12-10 22:17,回复@彭常超:无论眼前的道路如何，都要含着泪努力走下去……,5995861491,1
https://weibo.cn/5063744248/H6D4hpULk,2018-12-10 22:17,努力！！！！,6689588002,0
https://weibo.cn/5063744248/H6D4hpULk,2018-12-10 22:17,知道自己要什么，努力就会实现更好的自己[赞],6764608659,0
https://weibo.cn/5063744248/H6D4hpULk,2018-12-10 22:17,[嘻嘻][嘻嘻][嘻嘻][嘻嘻],1885730443,0
https://weibo.cn/5063744248/H6D4hpULk,2018-12-10 22:17,[鼓掌],5032252220,0
https://weibo.cn/5063744248/H6D4hpULk,2018-12-10 22:17,回复@喝水阿姨:因为这个段子看了你的微博果断关注了,5529640785,1
https://weibo.cn/5063744248/H6D4hpULk,2018-12-10 22:17,对的,5553764790,0
https://weibo.cn/5063744248/H6D4hpULk,2018-12-10 22:17,我喜欢这句，不计较眼前的得失，是对未来的储备,5671300876,0
https://weibo.cn/5063744248/H6D4hpULk,2018-12-10 22:17,努力一定有回报[good][good],6543619390,0
https://weibo.cn/5063744248/H6D4hpULk,2018-12-10 22:16,[跪了]努力是有用的，纵使暂且没有什么结果，但至少我心里无愧,5678526256,0
https://weibo.cn/5063744248/H6D4hpULk,2018-12-10 22:16,@朴灿烈家的小女友i,2711350603,0
https://weibo.cn/5063744248/H6D4hpULk,2018-12-10 22:16,我希望有一天也可以说自己尽力了这句话,6582351125,0
https://weibo.cn/5063744248/H6D4hpULk,2018-12-10 22:16,努力使人充实,1659744077,0
https://weibo.cn/5063744248/H6D4hpULk,2018-12-10 22:18,努力 做更好的自己,2943279703,0
https://weibo.cn/5063744248/H6D4hpULk,2018-12-10 22:18,回复@彭常超:你老婆不孕你再努力有啥用？？？ 你开个夏利跟保时捷比赛你在努力有啥用？,5339585207,0
https://weibo.cn/5063744248/H6D4hpULk,2018-12-10 22:18,一直很努力，有没有用我心里有点数[微笑],1318558530,0
https://weibo.cn/5063744248/H6D4hpULk,2018-12-10 22:18,回复@笑靥倾城-:东方誉源（证券代码：831913）2017年报业绩造假，不履行回购协议，并且同网络诈骗团伙勾结，非法售卖股权，坑害股东，集资诈骗，应严厉打击这种无良企业的老赖行为和网络诈骗团伙的诈骗行径。,5677546480,0
https://weibo.cn/5063744248/H6D4hpULk,2018-12-10 22:18,加油 遇见更好的自己,6468639844,0
https://weibo.cn/5063744248/H6D4hpULk,2018-12-10 22:18,加油＾０＾~,5743748702,0
https://weibo.cn/5063744248/H6D4hpULk,2018-12-10 22:18,越努力越幸运  加油,5600673526,0
https://weibo.cn/5063744248/H6D4hpULk,2018-12-10 22:20,@宋琛生 @饴饴生辉,6015039011,0
https://weibo.cn/5063744248/H6D4hpULk,2018-12-10 22:20,加油,2786344667,0
https://weibo.cn/5063744248/H6D4hpULk,2018-12-10 22:19,加油,3831997521,0
https://weibo.cn/5063744248/H6D4hpULk,2018-12-10 22:19,努力[强壮],6027334588,0
https://weibo.cn/5063744248/H6D4hpULk,2018-12-10 22:19,靠自己努力得到的值得珍惜,2142475050,0
https://weibo.cn/5063744248/H6D4hpULk,2018-12-10 22:19,每天看人民日报的正能量，都觉得自己需要好好鞭策,6583798098,0
https://weibo.cn/5063744248/H6D4hpULk,2018-12-10 22:19,努力难道不是最不值得一提的东西吗[允悲]努力了也没有用。沟就是沟啊差距就是差距,6410919671,0
https://weibo.cn/5063744248/H6D4hpULk,2018-12-10 22:19,好的，我去努力啦~[中国赞][中国赞][中国赞],2084817823,0
https://weibo.cn/5063744248/H6D4hpULk,2018-12-10 22:20,@Mr鹏鹏-Dunn ,1838427225,0
https://weibo.cn/5063744248/H6D4hpULk,2018-12-10 22:20,越努力越幸运，我在别人身上看到了结果！,5955584219,0
https://weibo.cn/5063744248/H6D4hpULk,2018-12-10 22:20,可是这个社会本来就是这样啊！一直都是你努力了别人嘲笑你，说你不合群，你不努力你就一事无成，可是这些该怎么兼顾呢？道理我都懂，但是我该怎么做呢？,5594793383,0
https://weibo.cn/5063744248/H6D4hpULk,2018-12-10 22:20,[加油][加油][加油],5494801354,0
https://weibo.cn/5063744248/H6D4hpULk,2018-12-10 22:20,　　别人休息的时候，你多跑一会儿；别人想放弃的时候，你再坚持一会儿。终有一天，你会得到命运的犒赏。[心][鼓掌],6180921583,0
https://weibo.cn/5063744248/H6D4hpULk,2018-12-10 22:20,’努力’你捡一下我，我七零八落。,3853279141,1
https://weibo.cn/5063744248/H6D4hpULk,2018-12-10 22:20,晚安[飞吻],6685205600,0
https://weibo.cn/5063744248/H6D4hpULk,2018-12-10 22:21,所有要一直努力呀[加油],5510702941,0
https://weibo.cn/5063744248/H6D4hpULk,2018-12-10 22:21,说得对[拳头],3123115395,0
https://weibo.cn/5063744248/H6D4hpULk,2018-12-10 22:21,加油哇,5706918473,0
https://weibo.cn/5063744248/H6D4hpULk,2018-12-10 22:22,从来都觉得努力才有用，关键自己不会努力。。。,2550186151,0
https://weibo.cn/5063744248/H6D4hpULk,2018-12-10 22:22,好的,5609302117,0
https://weibo.cn/5063744248/H6D4hpULk,2018-12-10 22:21,是的,6582234876,0
https://weibo.cn/5063744248/H6D4hpULk,2018-12-10 22:21,不努力，什么都没有。,6236818697,0
https://weibo.cn/5063744248/H6D4hpULk,2018-12-10 22:21,医学生更要好好读书[加油],5980138189,0
https://weibo.cn/5063744248/H6D4hpULk,2018-12-10 22:21,每天都要竭尽全力，每天都要把今天当成生命中最后的一天来珍惜与取舍。,1946832581,0
https://weibo.cn/5063744248/H6D4hpULk,2018-12-10 22:21,努力，才会有收获。台上一分钟，台下十年功。任何成绩的取得都离不开耐心的努力和坚持的付出[给力][给力]加油，信念同学[给力][给力],6375411322,0
https://weibo.cn/5063744248/H6D4hpULk,2018-12-10 22:21,坚持坚持努力努力啊[拳头],6589238524,0
https://weibo.cn/5063744248/H6D4hpULk,2018-12-10 22:21,好的！,5892051600,0
https://weibo.cn/5063744248/H6D4hpULk,2018-12-10 22:20,努力不一定能得到你想要的，可是不努力就一定得不到！,6524484857,0
https://weibo.cn/5063744248/H6D4hpULk,2018-12-10 22:20,是的,5768084115,0
https://weibo.cn/5063744248/H6D4hpULk,2018-12-10 22:21,字字真理，尤其是，看到结婚了，男，女，在外面，乱搞。还有家庭的经济负担。等等//@往事旧念:很多人到现在都不谈恋爱是因为一次没谈过，通过身边人看透了很多，所以越来越不想谈恋爱，开始是找不到合适的对象，后来是连个暗恋对象都难以找到。,1698987390,0
https://weibo.cn/5063744248/H6D4hpULk,2018-12-10 22:20,努力超有用！,5054237322,0
https://weibo.cn/5063744248/H6D4hpULk,2018-12-10 22:22,[微笑],2907180355,0
https://weibo.cn/5063744248/H6D4hpULk,2018-12-10 22:21,加油吧！,6562897862,0
https://weibo.cn/5063744248/H6D4hpULk,2018-12-10 22:22,不努力过，怎么知道努力没用,1735351672,0
https://weibo.cn/5063744248/H6D4hpULk,2018-12-10 22:22,转发微博,3538147441,0
https://weibo.cn/5063744248/H6D4hpULk,2018-12-10 22:22,我每天都想努力，可不知道该怎么努力,6702223738,0
https://weibo.cn/5063744248/H6D4hpULk,2018-12-10 22:22,好哒努力,2654101022,0
https://weibo.cn/5063744248/H6D4hpULk,2018-12-10 22:22,[拳头],6414677836,0
https://weibo.cn/5063744248/H6D4hpULk,2018-12-10 22:22,转发微博,5474627071,0
https://weibo.cn/5063744248/H6D4hpULk,2018-12-10 22:23,想努力变好,3041313000,0
https://weibo.cn/5063744248/H6D4hpULk,2018-12-10 22:23,不是每一次努力都会有收获，但每一次收获都必须努力,3584393515,0
https://weibo.cn/5063744248/H6D4hpULk,2018-12-10 22:23,更可怕的是你的努力并不是正在的努力 却一直都在自以为自己已经努力了,5285665042,0
https://weibo.cn/5063744248/H6D4hpULk,2018-12-10 22:22,嗯[微笑],3803779009,0
https://weibo.cn/5063744248/H6D4hpULk,2018-12-10 22:22,明早读给学生们[爱你],3078449271,0
https://weibo.cn/5063744248/H6D4hpULk,2018-12-10 22:22,嗯嗯博主说的对！努力成为更好的自己[加油],3707625402,0
https://weibo.cn/5063744248/H6D4hpULk,2018-12-10 22:22,加油吧都,2613068051,0
https://weibo.cn/5063744248/H6D4hpULk,2018-12-10 22:24,越努力越优秀！,6869901641,0
https://weibo.cn/5063744248/H6D4hpULk,2018-12-10 22:24,经历了这么多，发自内心的感觉好有道理,6013018446,0
https://weibo.cn/5063744248/H6D4hpULk,2018-12-10 22:23,努力不一定有用，不努力一定没用,5911875603,6
https://weibo.cn/5063744248/H6D4hpULk,2018-12-10 22:23,找准方向，越努力越幸运,2338793312,0
https://weibo.cn/5063744248/H6D4hpULk,2018-12-10 22:23,努力[加油],1956885241,0
https://weibo.cn/5063744248/H6D4hpULk,2018-12-10 22:23,不努力的人 才没得信用分[给你小心心],6091436311,0
https://weibo.cn/5063744248/H6D4hpULk,2018-12-10 22:23,如果不知道图纸是什么样的，就好好打地基，不论之后想盖成什么样的搂，都有坚实的地基做支撑,6153136781,0
https://weibo.cn/5063744248/H6D4hpULk,2018-12-10 22:23,[中国赞],6427426488,0
https://weibo.cn/5063744248/H6D4hpULk,2018-12-10 22:23,是呢,1094842424,0
https://weibo.cn/5063744248/H6D4hpULk,2018-12-10 22:25,努力不一定会成功，但是不努力你一定一无所有,3420255384,0
https://weibo.cn/5063744248/H6D4hpULk,2018-12-10 22:25,干了这碗鸡汤,3886860500,0
https://weibo.cn/5063744248/H6D4hpULk,2018-12-10 22:24,加油！,5494039806,0
https://weibo.cn/5063744248/H6D4hpULk,2018-12-10 22:25,回复@一吻一吻吻志者:期待更好的自己,6029879436,0
https://weibo.cn/5063744248/H6D4hpULk,2018-12-10 22:24,越努力越幸运 加油才能遇见更好的自己,6029879436,8
https://weibo.cn/5063744248/H6D4hpULk,2018-12-10 22:24,努力 要更努力[强壮],6507710350,0
https://weibo.cn/5063744248/H6D4hpULk,2018-12-10 22:24,相信自己，念念不忘，必有回响！,6481163793,0
https://weibo.cn/5063744248/H6D4hpULk,2018-12-10 22:27,下雪天鸡汤真暖[太阳],6365078067,0
https://weibo.cn/5063744248/H6D4hpULk,2018-12-10 22:27,晚安！,2739314685,0
https://weibo.cn/5063744248/H6D4hpULk,2018-12-10 22:27,@他一笑整个世界的花都开了,6071954003,1
https://weibo.cn/5063744248/H6D4hpULk,2018-12-10 22:26,不努力的人，才会觉得努力没用[强壮][强壮],2646522124,0
https://weibo.cn/5063744248/H6D4hpULk,2018-12-10 22:26,浑浑噩噩的过了这么多年，该开始努力了。,5606725874,0
https://weibo.cn/5063744248/H6D4hpULk,2018-12-10 22:26,加油呀,2336598672,0
https://weibo.cn/5063744248/H6D4hpULk,2018-12-10 22:27,努力总比不努力强，只是先定下个努力目标再朝着这个方向努力，目标太高，再努力也没用，一个炸油条的想努力成马云就不现实了。,2736593982,0
https://weibo.cn/5063744248/H6D4hpULk,2018-12-10 22:26,是要加油鸭,6348157817,0
https://weibo.cn/5063744248/H6D4hpULk,2018-12-10 22:27,明天都要更努力一点！,5252672962,0
https://weibo.cn/5063744248/H6D4hpULk,2018-12-10 22:27,转发微博,2193220124,0
https://weibo.cn/5063744248/H6D4hpULk,2018-12-10 22:27,嗯嘛嘛，共勉#朱一龙[超话]#宝剑锋从磨砺出，梅花香自苦寒来，十年的磨砺与累积让朱一龙完美诠释他所演绎的所有角色，叛逆，君子，绅士，你所能够诠释的，超出了我们的想象，十年浮沉，不忘初心，愿你顺遂，吾等亦愿常伴你左右@朱一龙,2518215101,0
https://weibo.cn/5063744248/H6D4hpULk,2018-12-10 22:27,一直都相信美好生活都是努力的人才有的   可是有时候真的做不到,1836077545,0
https://weibo.cn/5063744248/H6D4hpULk,2018-12-10 22:26,享受过努力的快感。会爱上“努力”。,6749632259,0
https://weibo.cn/5063744248/H6D4hpULk,2018-12-10 22:26,@王方璐_,6016950758,0
https://weibo.cn/5063744248/H6D4hpULk,2018-12-10 22:26,[给你小心心]不努力的人，才会觉得努力没用,6148805128,0
https://weibo.cn/5063744248/H6D4hpULk,2018-12-10 22:25,[月亮],5869603944,1
https://weibo.cn/5063744248/H6D4hpULk,2018-12-10 22:25,不努力的人，才会觉得努力没用[心][赞],3167657122,429
https://weibo.cn/5063744248/H6D4hpULk,2018-12-10 22:28,√,6011380270,0
https://weibo.cn/5063744248/H6D4hpULk,2018-12-10 22:28,你好,3190287902,0
https://weibo.cn/5063744248/H6D4hpULk,2018-12-10 22:25,所以从小就要先好好读书[加油][加油][加油],5236473213,0
https://weibo.cn/5063744248/H6D4hpULk,2018-12-10 22:28,是的,6008327896,0
https://weibo.cn/5063744248/H6D4hpULk,2018-12-10 22:28,努力，加油！,6039495126,0
https://weibo.cn/5063744248/H6D4hpULk,2018-12-10 22:25,回复@贪睡的大猫熊:小心查水表,2509117533,2
https://weibo.cn/5063744248/H6D4hpULk,2018-12-10 22:28,越努力越幸运，共勉,5650192453,0
https://weibo.cn/5063744248/H6D4hpULk,2018-12-10 22:28,加油，期待更好的自己,5415163928,0
https://weibo.cn/5063744248/H6D4hpULk,2018-12-10 22:25,不努力的人。才会觉得努力没用,6447981567,0
https://weibo.cn/5063744248/H6D4hpULk,2018-12-10 22:25,借着感冒又颓废了好几天 明天开始阳光的一天[太阳],6365078067,0
https://weibo.cn/5063744248/H6D4hpULk,2018-12-10 22:30,[加油][加油][加油],6032268610,0
https://weibo.cn/5063744248/H6D4hpULk,2018-12-10 22:29,@郭三岁-Sunny,2290271754,0
https://weibo.cn/5063744248/H6D4hpULk,2018-12-10 22:29,回复@喝水阿姨:真正努力过后才知道人脉是如此的重要,3228869500,2
https://weibo.cn/5063744248/H6D4hpULk,2018-12-10 22:29,怎么努力啊[允悲],5298321693,0
https://weibo.cn/5063744248/H6D4hpULk,2018-12-10 22:29,加油吧，虽然现在自己有种窒息的感觉,5029356105,0
https://weibo.cn/5063744248/H6D4hpULk,2018-12-10 22:29,共勉,3155501800,0
https://weibo.cn/5063744248/H6D4hpULk,2018-12-10 22:30,越努力越幸运,6376582814,1
https://weibo.cn/5063744248/H6D4hpULk,2018-12-10 22:30,回复@童话里你的样子:就好比，他们说有读书的人都比较气质，你看看我，有气质不？哈哈哈哈哈哈,3228869500,0
https://weibo.cn/5063744248/H6D4hpULk,2018-12-10 22:30,努力不会骗人的,3592547823,1
https://weibo.cn/5063744248/H6D4hpULk,2018-12-10 22:30,多努力努力吧。,5605303811,0
https://weibo.cn/5063744248/H6D4hpULk,2018-12-10 22:30,还在努力！,2381975997,0
https://weibo.cn/5063744248/H6D4hpULk,2018-12-10 22:30,深夜鸡汤走一波,3226620467,0
https://weibo.cn/5063744248/H6D4hpULk,2018-12-10 22:30,晚安晚安,5264312646,0
https://weibo.cn/5063744248/H6D4hpULk,2018-12-10 22:30,努力[加油],5737289733,0
https://weibo.cn/5063744248/H6D4hpULk,2018-12-10 22:31,终有一天会成为最好的自己,2234647503,0
https://weibo.cn/5063744248/H6D4hpULk,2018-12-10 22:31,[话筒],5536423167,0
https://weibo.cn/5063744248/H6D4hpULk,2018-12-10 22:31,不努力的人才会觉得努力没用，没错！,5390677072,0
https://weibo.cn/5063744248/H6D4hpULk,2018-12-10 22:31,[赞],3189210794,0
https://weibo.cn/5063744248/H6D4hpULk,2018-12-10 22:31,我觉得有些真的是努力了但是却没用，反而没有努力的比你更好[泪],3917014073,0
https://weibo.cn/5063744248/H6D4hpULk,2018-12-10 22:31,对的,2193137927,0
https://weibo.cn/5063744248/H6D4hpULk,2018-12-10 22:31,不努力的人才会觉得努力没用[ok]说得真好[加油],5702546420,0
https://weibo.cn/5063744248/H6D4hpULk,2018-12-10 22:33,努力去拥有能得到的，有些得不到就算了吧，毕竟不可能什么都拥有[耶],5260490946,0
https://weibo.cn/5063744248/H6D4hpULk,2018-12-10 22:33,加油！,5881060071,0
https://weibo.cn/5063744248/H6D4hpULk,2018-12-10 22:32,[赞],5248252476,0
https://weibo.cn/5063744248/H6D4hpULk,2018-12-10 22:32,和艺兴一起做个努力的人[加油],5947698624,0
https://weibo.cn/5063744248/H6D4hpULk,2018-12-10 22:32,这个鸡汤有点咸,2542829197,0
https://weibo.cn/5063744248/H6D4hpULk,2018-12-10 22:32,回复@诗词斋:能者多劳的辩论课题了解一下～,3228869500,0
https://weibo.cn/5063744248/H6D4hpULk,2018-12-10 22:32,要从当下开始努力,5949472119,0
https://weibo.cn/5063744248/H6D4hpULk,2018-12-10 22:32,想努力但是要找到正确努力的方向,2815131305,0
https://weibo.cn/5063744248/H6D4hpULk,2018-12-10 22:32,好好好,6051488306,0
https://weibo.cn/5063744248/H6D4hpULk,2018-12-10 22:32,努力就会有收获,6413757451,0
https://weibo.cn/5063744248/H6D4hpULk,2018-12-10 22:32,转发微博,2754058733,0
https://weibo.cn/5063744248/H6D4hpULk,2018-12-10 22:32,[good][good][good],3973788048,0
https://weibo.cn/5063744248/H6D4hpULk,2018-12-10 22:32,努力一定会有个努力的结果[good]，所有的付出都会有收获，这个收获不管在不在你的预期以内，都是你独一无二的财富,6745991458,0
https://weibo.cn/5063744248/H6D4hpULk,2018-12-10 22:32,每日一转,5638840137,0
https://weibo.cn/5063744248/H6D4hpULk,2018-12-10 22:32,努力#,2042558787,0
https://weibo.cn/5063744248/H6D4hpULk,2018-12-10 22:32,很多事情要从自身找原因，不要怨天尤人～,3137687721,0
https://weibo.cn/5063744248/H6D4hpULk,2018-12-10 22:34,对不起 因为这两天x的一些事情 让这条微博戳中了我的笑点哈哈哈哈哈哈哈 ,3233748900,0
https://weibo.cn/5063744248/H6D4hpULk,2018-12-10 22:34,努力会有努力的结果@努力努力再努力x ,5975444355,0
https://weibo.cn/5063744248/H6D4hpULk,2018-12-10 22:34,所以我必须去努力[心],3976635219,0
https://weibo.cn/5063744248/H6D4hpULk,2018-12-10 22:34,不努力的人生就是荒废,3976514696,0
https://weibo.cn/5063744248/H6D4hpULk,2018-12-10 22:34,努力[拳头],6870208737,0
https://weibo.cn/5063744248/H6D4hpULk,2018-12-10 22:34,嗯嗯,6423924960,0
https://weibo.cn/5063744248/H6D4hpULk,2018-12-10 22:33,努力总是会有努力的结果的！,2969249210,1
https://weibo.cn/5063744248/H6D4hpULk,2018-12-10 22:33,至少，努力了呀,2249352661,0
https://weibo.cn/5063744248/H6D4hpULk,2018-12-10 22:33,转发微博,2945240505,0
https://weibo.cn/5063744248/H6D4hpULk,2018-12-10 22:33,[太阳],3006267284,1
https://weibo.cn/5063744248/H6D4hpULk,2018-12-10 22:33,努力努力再努力  努力一定会有个努力的结果嗒,6289463210,0
https://weibo.cn/5063744248/H6D4hpULk,2018-12-10 22:33,努力不一定会成功 但努力了就一定有个努力的结果 和不努力是不一样的！,3283987121,0
https://weibo.cn/5063744248/H6D4hpULk,2018-12-10 22:33,转发微博,3730233093,0
https://weibo.cn/5063744248/H6D4hpULk,2018-12-10 22:33,@白桦优郁 加油宝贝,1806249094,0
https://weibo.cn/5063744248/H6D4hpULk,2018-12-10 22:33,我会好好努力的[加油],1724253612,0
https://weibo.cn/5063744248/H6D4hpULk,2018-12-10 22:33,努力未来才有更大可能[拳头],5092822716,0
https://weibo.cn/5063744248/H6D4hpULk,2018-12-10 22:33,是啊，对自己说：加油吧,5712122282,0
https://weibo.cn/5063744248/H6D4hpULk,2018-12-10 22:35,努力不会被辜负[加油],6184122628,0
https://weibo.cn/5063744248/H6D4hpULk,2018-12-10 22:36,[心],6365405950,0
https://weibo.cn/5063744248/H6D4hpULk,2018-12-10 22:35,越努力越幸运，努力的人运气不会差，加油[强壮],6212972165,0
https://weibo.cn/5063744248/H6D4hpULk,2018-12-10 22:33,坚定的Mark起来,1989435715,0
https://weibo.cn/5063744248/H6D4hpULk,2018-12-10 22:35,[拳头]努力总会有收获,5632450917,0
https://weibo.cn/5063744248/H6D4hpULk,2018-12-10 22:35,努力一定会有一个努力的结果，总比什么都不做的好。,6555738597,0
https://weibo.cn/5063744248/H6D4hpULk,2018-12-10 22:35,回复@喝水阿姨:努力的时候感觉触到了自己的上限，就绝望了。但是不努力的时候一直觉得努力一下还可以更好，一直有希望，但一直对堕落的自己更不满。哈哈哈。幸福不是可以努力得来的，但是可能努力能让自己心安。,6860514558,0
https://weibo.cn/5063744248/H6D4hpULk,2018-12-10 22:35,小编你困不困。。。[允悲][允悲][允悲],5535155251,0
https://weibo.cn/5063744248/H6D4hpULk,2018-12-10 22:34,是的nsdd,5856298345,0
https://weibo.cn/5063744248/H6D4hpULk,2018-12-10 22:35,Reply @-资深气象爱好者-:医生靠他们的努力救人，全国人大努力立法完善相关法律，每个人各司其职，在不同的专业领域努力，做好自己就ok了[摊手]努力要用到正确的地方。你不要混淆视听[摊手],5911875603,0
https://weibo.cn/5063744248/H6D4hpULk,2018-12-10 22:37,越努力越幸运，真是受益匪浅[心],6231500505,88
https://weibo.cn/5063744248/H6D4hpULk,2018-12-10 22:34,[悲伤][悲伤][悲伤],6175223739,0
https://weibo.cn/5063744248/H6D4hpULk,2018-12-10 22:34,努力的人，觉得好想睡[笑cry],5535155251,0
https://weibo.cn/5063744248/H6D4hpULk,2018-12-10 22:35,不努力的人，才会觉得努力没用。这个因果不是必然的！努力与没用不是直接关系，是心出了问题。情不在那里的问题。,6363230738,0
https://weibo.cn/5063744248/H6D4hpULk,2018-12-10 22:36,作为一个新闻报刊，你这天天不是发食谱就是发鸡汤，什么情况，要改行了？,1891761780,0
https://weibo.cn/5063744248/H6D4hpULk,2018-12-10 22:34,深夜喝鸡汤,5800099709,0
https://weibo.cn/5063744248/H6D4hpULk,2018-12-10 22:36,努力也许不会成功 但至少努力过 不会后悔 越努力 越幸运,3944145968,1
https://weibo.cn/5063744248/H6D4hpULk,2018-12-10 22:36,回复@贪睡的大猫熊:跨省警告一次,6388511293,2
https://weibo.cn/5063744248/H6D4hpULk,2018-12-10 22:36,坚持下去，有一天你会感谢曾经努力的自己,6526050680,0
https://weibo.cn/5063744248/H6D4hpULk,2018-12-10 22:36,转发微博,6065623824,0
https://weibo.cn/5063744248/H6D4hpULk,2018-12-10 22:37,希望自己能成为一个努力的人，很讨厌现在的自己[吃惊],2736914847,0
https://weibo.cn/5063744248/H6D4hpULk,2018-12-10 22:37,努力过后才能发现自己,3462001330,0
https://weibo.cn/5063744248/H6D4hpULk,2018-12-10 22:36,努力,6006137326,0
https://weibo.cn/5063744248/H6D4hpULk,2018-12-10 22:36,努力[拳头][拳头],5013045117,0
https://weibo.cn/5063744248/H6D4hpULk,2018-12-10 22:37,[拳头][拳头],1299987474,0
https://weibo.cn/5063744248/H6D4hpULk,2018-12-10 22:37,越努力越幸运  努力努力再努力[加油],1960190232,0
https://weibo.cn/5063744248/H6D4hpULk,2018-12-10 22:36,转发微博,1752968581,0
https://weibo.cn/5063744248/H6D4hpULk,2018-12-10 22:37,觉得努力没有用只是借口 也是退缩懦弱的表现 努力了就会有努力的结果,2708355025,0
https://weibo.cn/5063744248/H6D4hpULk,2018-12-10 22:37,越努力越幸运，加油！,6401006331,0
https://weibo.cn/5063744248/H6D4hpULk,2018-12-10 22:38,这是真的，努力都会有结果的，即使达不到预期，也会有收获。不努力就只能原地踏步。,6359671798,0
https://weibo.cn/5063744248/H6D4hpULk,2018-12-10 22:38,努力就会有一个努力的结果！努力努力再努力[强壮],6372596616,0
https://weibo.cn/5063744248/H6D4hpULk,2018-12-10 22:38,回复@贪睡的大猫熊:瞎说什么大实话,2750285241,1
https://weibo.cn/5063744248/H6D4hpULk,2018-12-10 22:38,yep,5276556499,0
https://weibo.cn/5063744248/H6D4hpULk,2018-12-10 22:38,回复@贪睡的大猫熊:开门 查水表！,1842349477,4
https://weibo.cn/5063744248/H6D4hpULk,2018-12-10 22:38,我干了这碗鸡汤,2869580330,0
https://weibo.cn/5063744248/H6D4hpULk,2018-12-10 22:38,回复@童话里你的样子:的确，要达到同样的高度，有的人只要走一步就到了然而我们是走了99步依然可能达不到的,6375028422,1
https://weibo.cn/5063744248/H6D4hpULk,2018-12-10 22:37,我们在努力中！,6199614758,0
https://weibo.cn/5063744248/H6D4hpULk,2018-12-10 22:37,努力一定会有回报[亲亲],1967243503,0
https://weibo.cn/5063744248/H6D4hpULk,2018-12-10 22:41,对,3200857173,0
https://weibo.cn/5063744248/H6D4hpULk,2018-12-10 22:41,[可爱][可爱],6375307142,0
https://weibo.cn/5063744248/H6D4hpULk,2018-12-10 22:40,努力不一定有回报，但不努力一定没有。,6308893582,0
https://weibo.cn/5063744248/H6D4hpULk,2018-12-10 22:40,努力努力，努力了才会有结果[加油][加油],6255751357,0
https://weibo.cn/5063744248/H6D4hpULk,2018-12-10 22:40,努力[拳头],6591406061,0
https://weibo.cn/5063744248/H6D4hpULk,2018-12-10 22:39,加油,3659491144,0
https://weibo.cn/5063744248/H6D4hpULk,2018-12-10 22:39,往前，和你想要的一切并肩。越努力 越幸运 努力努力再努力[强壮],2411734594,1
https://weibo.cn/5063744248/H6D4hpULk,2018-12-10 22:39,要向前看！！只有努力了才有回报,6339704264,0
https://weibo.cn/5063744248/H6D4hpULk,2018-12-10 22:39,我最成功的事情是收获了50斤脂肪，那可以满满的卡路里呢[笑而不语][笑而不语],1929220683,0
https://weibo.cn/5063744248/H6D4hpULk,2018-12-10 22:39,你说的对！！[耶][耶][耶],1009627024,0
https://weibo.cn/5063744248/H6D4hpULk,2018-12-10 22:39,努力！,6048644382,0
https://weibo.cn/5063744248/H6D4hpULk,2018-12-10 22:39,是,5995960250,0
https://weibo.cn/5063744248/H6D4hpULk,2018-12-10 22:38,什么........自奋蹄！,6363230738,0
https://weibo.cn/5063744248/H6D4hpULk,2018-12-10 22:38,越努力 越幸运嘛[笑cry],6076095027,0
https://weibo.cn/5063744248/H6D4hpULk,2018-12-10 22:38,回复@小于等于6大于等于7:悲哉…,5670118015,0
https://weibo.cn/5063744248/H6D4hpULk,2018-12-10 22:38,@612-612星球的玫瑰 愿你被温柔以待,3138877343,0
https://weibo.cn/5063744248/H6D4hpULk,2018-12-10 22:42,明天继续努力[作揖],6064176517,0
https://weibo.cn/5063744248/H6D4hpULk,2018-12-10 22:42,加油努力,5574566976,0
https://weibo.cn/5063744248/H6D4hpULk,2018-12-10 22:42,要努力！积极向上，要根rich,5627823980,0
https://weibo.cn/5063744248/H6D4hpULk,2018-12-10 22:41,作为学生，我们有无限的可能。感谢这篇文章，真的很励志。[心],6130904084,1
https://weibo.cn/5063744248/H6D4hpULk,2018-12-10 22:41,晚上的鸡汤，晚安,3211270817,0
https://weibo.cn/5063744248/H6D4hpULk,2018-12-10 22:41,嗯，nsdd[赞],5439419900,0
https://weibo.cn/5063744248/H6D4hpULk,2018-12-10 22:41,好喜欢人民日报的夜读啊[笑哈哈],5250008772,0
https://weibo.cn/5063744248/H6D4hpULk,2018-12-10 22:41,干了这碗鸡汤,6208006263,0
https://weibo.cn/5063744248/H6D4hpULk,2018-12-10 22:44,晚安,6429699819,0
https://weibo.cn/5063744248/H6D4hpULk,2018-12-10 22:44,努力了还没有得到想要的？那就是你还不够努力！[加油],6130138383,0
https://weibo.cn/5063744248/H6D4hpULk,2018-12-10 22:44,加油,5859765396,0
https://weibo.cn/5063744248/H6D4hpULk,2018-12-10 22:43,不努力的人，才会觉得努力没用，加油。,6505174341,1
https://weibo.cn/5063744248/H6D4hpULk,2018-12-10 22:43,努力才回发现是自己可以的[心],5307141486,0
https://weibo.cn/5063744248/H6D4hpULk,2018-12-10 22:43,转发微博,5655283440,0
https://weibo.cn/5063744248/H6D4hpULk,2018-12-10 22:43,说的没错[羞嗒嗒][羞嗒嗒][羞嗒嗒],3252883580,0
https://weibo.cn/5063744248/H6D4hpULk,2018-12-10 22:43,爱笑的女孩运气都不会太差，那是因为运气好才会爱笑吧。,5823089149,0
https://weibo.cn/5063744248/H6D4hpULk,2018-12-10 22:46,没错 越努力越幸运[拳^][拳^],2953404245,0
https://weibo.cn/5063744248/H6D4hpULk,2018-12-10 22:45,//@乱世巨咩:不努力的人，才会觉得努力没用[心][赞],6553019185,0
https://weibo.cn/5063744248/H6D4hpULk,2018-12-10 22:45,[给力][给力][给力],3941022327,0
https://weibo.cn/5063744248/H6D4hpULk,2018-12-10 22:44,刷完首页去刷题啦[拳头],5643824510,0
https://weibo.cn/5063744248/H6D4hpULk,2018-12-10 22:44,[doge]加油,6523322853,0
https://weibo.cn/5063744248/H6D4hpULk,2018-12-10 22:44,努力了，总会有收获的[微笑],5388235306,0
https://weibo.cn/5063744248/H6D4hpULk,2018-12-10 22:44,【愿你不负光阴，不负野心，用努力成全一个更好的自己】[月亮],1952821452,0
https://weibo.cn/5063744248/H6D4hpULk,2018-12-10 22:44,回复@童话里你的样子:有一句话“条条大路通罗马，有人一出生就出生在罗马”。,6501043182,3
https://weibo.cn/5063744248/H6D4hpULk,2018-12-10 22:48,我GloryGGPon认可这篇文章,6375695932,1
https://weibo.cn/5063744248/H6D4hpULk,2018-12-10 22:48,回复@贪睡的大猫熊:给钱不就行了吗？,5852307652,0
https://weibo.cn/5063744248/H6D4hpULk,2018-12-10 22:48,　　别人休息的时候，你多跑一会儿；别人想放弃的时候，你再坚持一会儿。终有一天，你会得到命运的犒赏。,2435701247,0
https://weibo.cn/5063744248/H6D4hpULk,2018-12-10 22:48,[哆啦A梦吃惊][哆啦A梦吃惊],6866330745,0
https://weibo.cn/5063744248/H6D4hpULk,2018-12-10 22:47,努力,5966780000,0
https://weibo.cn/5063744248/H6D4hpULk,2018-12-10 22:47,转发微博,2597379461,0
https://weibo.cn/5063744248/H6D4hpULk,2018-12-10 22:48,有时候，你得停一下脚步，等一等心灵，让心情平和，想一想自己生活中拥有的所有美好的东西。,5966780000,0
https://weibo.cn/5063744248/H6D4hpULk,2018-12-10 22:47,生命，就像一场永无休止的苦役，不要惧怕和拒绝困苦，超越困苦，就是生活的强者。任何经历都是一种累积，累积的越多，人就越成熟;经历的越多，生命就越有厚度。,5966780000,0
https://weibo.cn/5063744248/H6D4hpULk,2018-12-10 22:47,[跪了][跪了][跪了],3186542142,0
https://weibo.cn/5063744248/H6D4hpULk,2018-12-10 22:47,[太开心],5316005282,0
https://weibo.cn/5063744248/H6D4hpULk,2018-12-10 22:47,越是起点低，越是眼下困难，越需要努力。否则以后更低，更困难。[喵喵],5444764146,0
https://weibo.cn/5063744248/H6D4hpULk,2018-12-10 22:46,嗯嗯 我努力,6663740532,0
https://weibo.cn/5063744248/H6D4hpULk,2018-12-10 22:46,我以前很努力了，可是发现再努力，没有资源还是最底层，有资源人脉，不用努力就搞定。,5387965070,0
https://weibo.cn/5063744248/H6D4hpULk,2018-12-10 22:46,愿你不负现在，不枉将来……,5903953286,0
https://weibo.cn/5063744248/H6D4hpULk,2018-12-10 22:50,嗯，老鸡汤，还是那个味儿！,2493661947,0
https://weibo.cn/5063744248/H6D4hpULk,2018-12-10 22:50,努力努力再努力，总会有回报～,2122362254,0
https://weibo.cn/5063744248/H6D4hpULk,2018-12-10 22:49,因为不努力的人不知道成功的快乐,6060723636,0
https://weibo.cn/5063744248/H6D4hpULk,2018-12-10 22:49,但行好事，莫问前程[米奇比心],6624826511,0
https://weibo.cn/5063744248/H6D4hpULk,2018-12-10 22:49,大家都在进步 加油,6742954783,0
https://weibo.cn/5063744248/H6D4hpULk,2018-12-10 22:49,努力都会有回报的 白努力是不存在的懒惰才是存在的,6152203123,0
https://weibo.cn/5063744248/H6D4hpULk,2018-12-10 22:49,努力了还有希望，不努力就真的没有了,6339904063,0
https://weibo.cn/5063744248/H6D4hpULk,2018-12-10 22:49,努力,1802721832,0
https://weibo.cn/5063744248/H6D4hpULk,2018-12-10 22:52,可能只有努力才有安全感吧,6073192039,0
https://weibo.cn/5063744248/H6D4hpULk,2018-12-10 22:52,当头棒喝,3902082514,0
https://weibo.cn/5063744248/H6D4hpULk,2018-12-10 22:52,所以要努力啊,5531629375,0
https://weibo.cn/5063744248/H6D4hpULk,2018-12-10 22:51,111,6566953017,0
https://weibo.cn/5063744248/H6D4hpULk,2018-12-10 22:51,不努力的人，才会觉得努力没用,3288661494,0
https://weibo.cn/5063744248/H6D4hpULk,2018-12-10 22:51,转发微博,6720881259,0
https://weibo.cn/5063744248/H6D4hpULk,2018-12-10 22:51,努力就会有一个努力的结果 不努力 就什么都没有[加油],6470751190,0
https://weibo.cn/5063744248/H6D4hpULk,2018-12-10 22:50,努力不会被亏待,5520823205,0
https://weibo.cn/5063744248/H6D4hpULk,2018-12-10 22:50,[握手],1784710824,0
https://weibo.cn/5063744248/H6D4hpULk,2018-12-10 22:53,我不觉得努力没用，只是我努力跟不上他人天赋，想想用一辈子努力达到别人的起点，也是挺悲哀的一件事,5687877664,0
https://weibo.cn/5063744248/H6D4hpULk,2018-12-10 22:53,努力一定有努力的结果,5672011210,0
https://weibo.cn/5063744248/H6D4hpULk,2018-12-10 22:53,不坚持的人才会觉得坚持没用,1660186900,0
https://weibo.cn/5063744248/H6D4hpULk,2018-12-10 22:53,你说的对你说的对你说的真对几个字了,2590992167,0
https://weibo.cn/5063744248/H6D4hpULk,2018-12-10 22:53,努力了也许不一定会成功，但不努力就永远不会成功，在自己的时代，坚持自己的想法，追逐想要的生活，我一直都在，挑战世上万般的阻碍,6112696540,0
https://weibo.cn/5063744248/H6D4hpULk,2018-12-10 22:53,回复@想要变身有钱有颜有对象BOY:祝你成功,2938565951,0
https://weibo.cn/5063744248/H6D4hpULk,2018-12-10 22:52,一定要努力努力再努力[小仙女][小仙女],6874367320,0
https://weibo.cn/5063744248/H6D4hpULk,2018-12-10 22:52,努力[给你小心心],5239624111,0
https://weibo.cn/5063744248/H6D4hpULk,2018-12-10 22:52,努力生活,1947898784,0
https://weibo.cn/5063744248/H6D4hpULk,2018-12-10 22:52,嗯嗯，会一直好好继续努力的，什么都不为，只是为了信仰[米奇比心],6581374816,1
https://weibo.cn/5063744248/H6D4hpULk,2018-12-10 22:52,努力努力再努力，你不努力怎么自己自己能达到什么程度呢,6353615005,0
https://weibo.cn/5063744248/H6D4hpULk,2018-12-10 22:52,努力不一定成功，不努力一定无法成功！,1031228997,0
https://weibo.cn/5063744248/H6D4hpULk,2018-12-10 22:52,[拳头][拳头][拳头],1794372717,0
https://weibo.cn/5063744248/H6D4hpULk,2018-12-10 22:52,努力过才知道可不可以呀,3519612964,0
https://weibo.cn/5063744248/H6D4hpULk,2018-12-10 22:52,加油,5617367576,0
https://weibo.cn/5063744248/H6D4hpULk,2018-12-10 22:54, 不努力的人，才会觉得努力没用。只要你不害怕努力，一切都不足为惧。[拳头],5880913784,0
https://weibo.cn/5063744248/H6D4hpULk,2018-12-10 22:54,方向没选对，越努力越跑偏。,2351919851,0
https://weibo.cn/5063744248/H6D4hpULk,2018-12-10 22:54,[偷笑]努力有没有用不知道，进入社会，人脉最重要，能力也重要，但是如果你是富二代，前面这些算个屁[坏笑]，当然是像王思聪那样的富二代，从来不求别人，只有别人巴结他的份,5344854587,0
https://weibo.cn/5063744248/H6D4hpULk,2018-12-10 22:54,努力[强壮]多一些不为什么的坚持,6562836909,0
https://weibo.cn/5063744248/H6D4hpULk,2018-12-10 22:54,回复@小岩岩要做大学霸:[爱你][爱你],3055373083,0
https://weibo.cn/5063744248/H6D4hpULk,2018-12-10 22:53,[给你小心心][给你小心心][给你小心心][给你小心心][给你小心心],5734460543,0
https://weibo.cn/5063744248/H6D4hpULk,2018-12-10 22:55,………默默感觉对不起买的书籍,5129115751,0
https://weibo.cn/5063744248/H6D4hpULk,2018-12-10 22:55,内,2987431057,0
https://weibo.cn/5063744248/H6D4hpULk,2018-12-10 22:55,别人或许不努力也可以成功，但是我知道自己达不到，所以哪怕自己努力了结果不理想也会继续努力，因为我深知勤能补拙，努力就有一线希望，不努力就一定没有希望。,6377967891,0
https://weibo.cn/5063744248/H6D4hpULk,2018-12-10 22:55,每天努力努力才会离自己想要的更近,6447889326,0
https://weibo.cn/5063744248/H6D4hpULk,2018-12-10 22:55,努力一定会有一个努力的后果[加油],6380053083,0
https://weibo.cn/5063744248/H6D4hpULk,2018-12-10 22:55,越努力越幸运，一如我能遇见你！龙龙真棒！,5786468868,0
https://weibo.cn/5063744248/H6D4hpULk,2018-12-10 22:55,风雨过后总会见彩虹[彩虹],5327333372,0
https://weibo.cn/5063744248/H6D4hpULk,2018-12-10 22:56,[给你小心心],6625658848,0
https://weibo.cn/5063744248/H6D4hpULk,2018-12-10 22:56,不努力的人，才会觉得努力没用！做努力的人！加油！！,6438274442,0
https://weibo.cn/5063744248/H6D4hpULk,2018-12-10 22:55,不断的努力，永不放弃，相信我们都能成为更好的自己[心][加油],1777596981,0
https://weibo.cn/5063744248/H6D4hpULk,2018-12-10 22:55,转发微博,2804059487,0
https://weibo.cn/5063744248/H6D4hpULk,2018-12-10 22:55,加油,5709470118,0
https://weibo.cn/5063744248/H6D4hpULk,2018-12-10 22:55,转发微博,6579932582,0
https://weibo.cn/5063744248/H6D4hpULk,2018-12-10 22:55,[拳头][拳头],2163439132,0
https://weibo.cn/5063744248/H6D4hpULk,2018-12-10 22:55,努力,6110994908,0
https://weibo.cn/5063744248/H6D4hpULk,2018-12-10 23:18,转发微博,2170771717,0
https://weibo.cn/5063744248/H6D4hpULk,2018-12-10 23:18,请别为自己的不努力找借口―致自己,6005998901,0
https://weibo.cn/5063744248/H6D4hpULk,2018-12-10 23:18,你觉得别人比你优秀是因为努力，但可怕的是，别人是因为优秀才比你努力,2967930324,0
https://weibo.cn/5063744248/H6D4hpULk,2018-12-10 23:18,好,3630999223,0
https://weibo.cn/5063744248/H6D4hpULk,2018-12-10 23:17,所以加油坚持[笑哈哈]努力总是没错的！我坚信,5596188723,0
https://weibo.cn/5063744248/H6D4hpULk,2018-12-10 23:19,要为接下来的考试努力了,3830094589,0
https://weibo.cn/5063744248/H6D4hpULk,2018-12-10 23:19,[心][心][心],5690627212,0
https://weibo.cn/5063744248/H6D4hpULk,2018-12-10 23:19,[月亮],1413117501,0
https://weibo.cn/5063744248/H6D4hpULk,2018-12-10 23:19,我要努力成为更好的自己[拳头],3957150662,0
https://weibo.cn/5063744248/H6D4hpULk,2018-12-10 23:19,努力吧，用最好的自己去见那个最想见到的人@孙杨  ,2420518677,0
https://weibo.cn/5063744248/H6D4hpULk,2018-12-10 23:18,[加油][加油][加油],5976657148,0
https://weibo.cn/5063744248/H6D4hpULk,2018-12-10 23:29,说得好！！！,6035577774,0
https://weibo.cn/5063744248/H6D4hpULk,2018-12-10 23:29,要努力呀,1079724554,0
https://weibo.cn/5063744248/H6D4hpULk,2018-12-10 23:27,[心],5139337220,0
https://weibo.cn/5063744248/H6D4hpULk,2018-12-10 23:23,@PP今天过六级了嘛,5377452724,0
https://weibo.cn/5063744248/H6D4hpULk,2018-12-10 23:23,坚持，努力,3032484834,0
https://weibo.cn/5063744248/H6D4hpULk,2018-12-10 23:28,#日行一善[超话]#是是是 你说得对[拳头],5643785471,0
https://weibo.cn/5063744248/H6D4hpULk,2018-12-10 23:28,不努力的人，才会觉得努力没有用。目不可及的角落，每个人都在付出，尊重至上低调谦虚不争不抢诚不可欺,5352130403,0
https://weibo.cn/5063744248/H6D4hpULk,2018-12-10 23:26,我可以 我能行[嘻嘻][嘻嘻],6708020366,0
https://weibo.cn/5063744248/H6D4hpULk,2018-12-10 23:26,努力很重要[羞嗒嗒][羞嗒嗒][羞嗒嗒][羞嗒嗒],1874025804,0
https://weibo.cn/5063744248/H6D4hpULk,2018-12-10 23:23,还是要好好努力生活的，尽管生活的好累[米奇大哭][米奇大哭][米奇大哭],6342748554,0
https://weibo.cn/5063744248/H6D4hpULk,2018-12-10 23:23,对对对,6067925542,0
https://weibo.cn/5063744248/H6D4hpULk,2018-12-10 23:28,加油,6617844610,0
https://weibo.cn/5063744248/H6D4hpULk,2018-12-10 23:28,[鼓掌][鼓掌][鼓掌][微风][微风][给力],6366032242,0
https://weibo.cn/5063744248/H6D4hpULk,2018-12-10 23:25,加油,5679222906,0
https://weibo.cn/5063744248/H6D4hpULk,2018-12-10 23:25,晚安。今天我有好好背书哦,6038287379,0
https://weibo.cn/5063744248/H6D4hpULk,2018-12-10 23:22,努力的人总会知道努力有用的时候，就如书到用时方恨少,1808651484,0
https://weibo.cn/5063744248/H6D4hpULk,2018-12-10 23:22,恳请@人民日报 别大半夜发鸡汤，实在不行改成早晨发。我本想睡前咸鱼般的刷刷微博，现在感觉要失眠。矫情如我。,3284222944,0
https://weibo.cn/5063744248/H6D4hpULk,2018-12-10 23:27,管他能不能实现，先努力着[加油][加油][加油],2017952751,0
https://weibo.cn/5063744248/H6D4hpULk,2018-12-10 23:27,越努力 越优秀,6778702544,0
https://weibo.cn/5063744248/H6D4hpULk,2018-12-10 23:25,Reply @不喝酒的小鱼儿:所以我们就不努力了么？让差距一直放在那，甘心做一条咸鱼？王侯将相宁有种乎，命运掌握在自己手中，也许这一路过于艰难，放弃的人也越来越多，比昨天的自己优秀也是一种努力和成功，话都是人说的，怎么说都能自圆其说，重要的是个人的心态，加油共勉[加油],5911875603,2
https://weibo.cn/5063744248/H6D4hpULk,2018-12-10 23:21,努力的人能充实自己，不会不知所措,6522776081,0
https://weibo.cn/5063744248/H6D4hpULk,2018-12-10 23:31,努力@人民日报 ,5035348095,0
https://weibo.cn/5063744248/H6D4hpULk,2018-12-10 23:30,回复@乱世巨咩:[ok],5663111441,2
https://weibo.cn/5063744248/H6D4hpULk,2018-12-10 23:24,[good],3964250369,0
https://weibo.cn/5063744248/H6D4hpULk,2018-12-10 23:24,努力不一定有收获，但是不努力一定没有收获！,6334563987,0
https://weibo.cn/5063744248/H6D4hpULk,2018-12-10 23:21,鸡汤到处洒,3041756505,0
https://weibo.cn/5063744248/H6D4hpULk,2018-12-10 23:30,不努力的人才会觉得努力没用，越努力越幸运。,3544271632,0
https://weibo.cn/5063744248/H6D4hpULk,2018-12-10 23:24,你要静候 再静候 就算失收 始终要守 静等葡萄成熟时,5922341485,0
https://weibo.cn/5063744248/H6D4hpULk,2018-12-10 23:24,不努力的人，才会觉得努力没用,5361658856,0
https://weibo.cn/5063744248/H6D4hpULk,2018-12-10 23:21,好,6876447888,0
https://weibo.cn/5063744248/H6D4hpULk,2018-12-10 23:20,好的[开心],6585339441,0
https://weibo.cn/5063744248/H6D4hpULk,2018-12-10 23:30,好的,3040729191,0
https://weibo.cn/5063744248/H6D4hpULk,2018-12-10 23:32,[加油][加油][加油][加油]坚持夜读！,6285860891,0
https://weibo.cn/5063744248/H6D4hpULk,2018-12-10 23:32,每天都要努力啊,5926680080,0
https://weibo.cn/5063744248/H6D4hpULk,2018-12-10 23:30,坚持，努力，总会得到自己想要的[加油],2467897920,0
https://weibo.cn/5063744248/H6D4hpULk,2018-12-10 23:32,要一直努力 哪怕辛苦[good],5996229535,0
https://weibo.cn/5063744248/H6D4hpULk,2018-12-10 23:30,今日鸡汤[心],5347812596,0
https://weibo.cn/5063744248/H6D4hpULk,2018-12-10 23:30,文明出行，倡导文明旅游,2944182710,0
https://weibo.cn/5063744248/H6D4hpULk,2018-12-10 23:34,emmmm努力后你明白光靠你自己努力是不够的,5757991240,0
https://weibo.cn/5063744248/H6D4hpULk,2018-12-10 23:31,[心][心],5403909734,0
https://weibo.cn/5063744248/H6D4hpULk,2018-12-10 23:31,希望高考顺利,6193825735,0
https://weibo.cn/5063744248/H6D4hpULk,2018-12-10 23:30,晚安[鲜花][心],5236464137,0
https://weibo.cn/5063744248/H6D4hpULk,2018-12-10 23:33,报报说的对,6694012398,1
https://weibo.cn/5063744248/H6D4hpULk,2018-12-10 23:33,努力让人的内心充实，每天努力一点，就会进步一点，长久的积累让人就会有很大的改变。任何时候努力都不会晚！我也要努力了！！毕竟要末考了！！加油！努力吧！！,3631248214,0
https://weibo.cn/5063744248/H6D4hpULk,2018-12-10 23:31,每一天都是新的开始要更加努力,5438679633,0
https://weibo.cn/5063744248/H6D4hpULk,2018-12-10 23:31,每天都更努力一点,6194126782,0
https://weibo.cn/5063744248/H6D4hpULk,2018-12-10 23:30,坚持下去！做出改变,5263235311,0
https://weibo.cn/5063744248/H6D4hpULk,2018-12-10 23:33,回复@乱世巨咩:嗯嗯[给你小心心],3274373095,2
https://weibo.cn/5063744248/H6D4hpULk,2018-12-10 23:31,是滴是滴,2631282593,0
https://weibo.cn/5063744248/H6D4hpULk,2018-12-10 23:31,努力生活！,2057655503,0
https://weibo.cn/5063744248/H6D4hpULk,2018-12-10 23:38,真正努力过后会发现天赋原来也如此重要[伤心],5595784783,0
https://weibo.cn/5063744248/H6D4hpULk,2018-12-10 23:33,努力有用，是我没用,1800357461,0
https://weibo.cn/5063744248/H6D4hpULk,2018-12-10 23:33,答应自己，不胡思乱想，坚定目标，努力去实现！,2142734177,0
https://weibo.cn/5063744248/H6D4hpULk,2018-12-10 23:40,虽然可能又是鸡汤，当看见那句“人生如逆水行舟，不进则退”。就会想起老班，天天跟我们说，学如逆水行舟，所有人都会接下去，不进则退…对我影响很大的人[悲伤]…加油，每一个走在变完美路上的人…,6053777338,0
https://weibo.cn/5063744248/H6D4hpULk,2018-12-10 23:39,转发微博,6203216778,0
https://weibo.cn/5063744248/H6D4hpULk,2018-12-10 23:38,致敬,5983701256,0
https://weibo.cn/5063744248/H6D4hpULk,2018-12-10 23:33,【夜读:不努力的人，才会觉得努力没用】,5868053839,0
https://weibo.cn/5063744248/H6D4hpULk,2018-12-10 23:39,喝点鸡汤 鼓励自己 加油哇,5842585729,0
https://weibo.cn/5063744248/H6D4hpULk,2018-12-10 23:39,现在的社会一个就是靠自己努力读书，考进好单位，一个就是家里有关系根本不用努力得到一切,2587185795,0
https://weibo.cn/5063744248/H6D4hpULk,2018-12-10 23:37,觉得努力没有用的人只是在为自己的废和懒惰找借口[ok],5263921399,0
https://weibo.cn/5063744248/H6D4hpULk,2018-12-10 23:39,其实智商也是有一定影响的,5469939233,0
https://weibo.cn/5063744248/H6D4hpULk,2018-12-10 23:41,坚持下去，终有一天…,6489571816,0
https://weibo.cn/5063744248/H6D4hpULk,2018-12-10 23:37,丧完了还要继续努力鸭[太开心],6551030026,0
https://weibo.cn/5063744248/H6D4hpULk,2018-12-10 23:36,每天都要读书,1869080803,0
https://weibo.cn/5063744248/H6D4hpULk,2018-12-10 23:39,[给你小心心],3922342208,0
https://weibo.cn/5063744248/H6D4hpULk,2018-12-10 23:38,可能当时会觉得努力有什么用，但是当你努力过一段时间，回想起来会觉得那段时间的自己很充实！#努力# 只有不断努力才能不辜负自己[心],6097831370,0
https://weibo.cn/5063744248/H6D4hpULk,2018-12-10 23:41,回复@童话里你的样子:ST长生审批上市不是投资者，监管不力也不是 ，违法者更不是，没有理由让这些无辜的散户背锅。,6649400022,10
https://weibo.cn/5063744248/H6D4hpULk,2018-12-10 23:35,[加油],1688235923,0
https://weibo.cn/5063744248/H6D4hpULk,2018-12-10 23:34,努力向上吧[拳头][拳头],6737082086,0
https://weibo.cn/5063744248/H6D4hpULk,2018-12-10 23:38,努力了不一定能看到结果…不努力一定不会有结果,5953962989,0
https://weibo.cn/5063744248/H6D4hpULk,2018-12-10 23:41,努力总会有个努力的结果,1887235861,0
https://weibo.cn/5063744248/H6D4hpULk,2018-12-10 23:41,背了将近一个月，教资没过[悲伤][泪][泪],6092045150,0
https://weibo.cn/5063744248/H6D4hpULk,2018-12-10 23:34,真理，有的就是站着说话不腰疼,5695957654,0
https://weibo.cn/5063744248/H6D4hpULk,2018-12-10 23:44,@包头市的贫民窟妻子桃洛   要做个正能量努力d人儿,1960361175,0
https://weibo.cn/5063744248/H6D4hpULk,2018-12-10 23:44,@蔡徐坤 一起优秀,6212041696,0
https://weibo.cn/5063744248/H6D4hpULk,2018-12-10 23:41,加油！,5724255540,0
https://weibo.cn/5063744248/H6D4hpULk,2018-12-10 23:40,年轻人要努力，我们不会告诉你其实我们只需要奴隶,6716267863,0
https://weibo.cn/5063744248/H6D4hpULk,2018-12-10 23:44,人民日报每日鸡汤，支撑我艰难度日[爱你],3288218752,0
https://weibo.cn/5063744248/H6D4hpULk,2018-12-10 23:44,努力吧[强壮],3753394280,0
https://weibo.cn/5063744248/H6D4hpULk,2018-12-10 23:40,不努力的人，才会觉得努力没用。,2816571291,0
https://weibo.cn/5063744248/H6D4hpULk,2018-12-10 23:40,回复@贪睡的大猫熊:马后炮，你能预测到公司违法？茅台塑化剂事件不恶劣？只不过区别对待罢了。另外劝你别在这儿晒你的教养。,1415804015,12
https://weibo.cn/5063744248/H6D4hpULk,2018-12-10 23:48,满满正能量[中国赞],5516761643,0
https://weibo.cn/5063744248/H6D4hpULk,2018-12-10 23:44,Reply @-资深气象爱好者-:首先你说的我觉得是法律的漏洞吧 站在医院方面讲 医院属于公共场所 公共场所对个人财务并没有监管及保管的义务 其次站在失主方面讲也没错 医院应对工作中存在的失误进行赔偿。这也是我国法律不够完善不够严谨的地方吧 但是法律可以改进 其次我觉得患者和医生也应该互相理解吧,5911875603,0
https://weibo.cn/5063744248/H6D4hpULk,2018-12-10 23:47,每天起床第一句，先给自己打个气[鲜花][鲜花][鲜花],5543102452,0
https://weibo.cn/5063744248/H6D4hpULk,2018-12-10 23:46,#日行一善[超话]#不努力的人才会觉得努力没用,6004353388,0
https://weibo.cn/5063744248/H6D4hpULk,2018-12-10 23:44,。。,2965106184,0
https://weibo.cn/5063744248/H6D4hpULk,2018-12-10 23:46,越努力越幸运，送给我和我哥哥@baekhyunee7 [给你小心心],3297736295,0
https://weibo.cn/5063744248/H6D4hpULk,2018-12-10 23:42,不努力 能不能有结果 好的还是坏的 你都没有资格知道,5982176832,0
https://weibo.cn/5063744248/H6D4hpULk,2018-12-10 23:46,努力要努力,5633633841,0
https://weibo.cn/5063744248/H6D4hpULk,2018-12-10 23:52,我知道与别人的差距大，但是我不会放弃自己对自己想要的生活的追逐。,6402288246,0
https://weibo.cn/5063744248/H6D4hpULk,2018-12-10 23:45,#日行一善[超话]#明天又是需要努力的一天[给你小心心] 晚安[心],5603092879,0
https://weibo.cn/5063744248/H6D4hpULk,2018-12-10 23:51,努力[ok],5802242086,0
https://weibo.cn/5063744248/H6D4hpULk,2018-12-10 23:50,努力,5897597305,0
https://weibo.cn/5063744248/H6D4hpULk,2018-12-10 23:45,运是强者的谦词,5245749715,0
https://weibo.cn/5063744248/H6D4hpULk,2018-12-10 23:49,要努力啊[加油],5392610266,0
https://weibo.cn/5063744248/H6D4hpULk,2018-12-10 23:48,所以才要努力！变成更好的自己,5533048906,0
https://weibo.cn/5063744248/H6D4hpULk,2018-12-11 00:04,不努力，你不会知道努力的快乐[心],5894280225,0
https://weibo.cn/5063744248/H6D4hpULk,2018-12-11 00:04,努力总比不努力要充实许多,6299179960,0
https://weibo.cn/5063744248/H6D4hpULk,2018-12-11 00:03,努力吧 为了自己,6506962285,0
https://weibo.cn/5063744248/H6D4hpULk,2018-12-11 00:03,新的一天，努力工作[加油],1823701014,0
https://weibo.cn/5063744248/H6D4hpULk,2018-12-11 00:03,非常努力才能毫不费力[给你小心心],6606623576,0
https://weibo.cn/5063744248/H6D4hpULk,2018-12-11 00:03,努力,6107250135,0
https://weibo.cn/5063744248/H6D4hpULk,2018-12-11 00:02,[赞],6312622816,0
https://weibo.cn/5063744248/H6D4hpULk,2018-12-11 00:01,回复@鱼丸你好我叫粗面:嗯、[羞嗒嗒],2292996805,0
https://weibo.cn/5063744248/H6D4hpULk,2018-12-11 00:01,日常鸡汤。,1879767780,0
https://weibo.cn/5063744248/H6D4hpULk,2018-12-11 00:01,努力了，你会发现再怎么努力的结果都没有那些家庭好背景好的不努力的结果强,5706808228,0
https://weibo.cn/5063744248/H6D4hpULk,2018-12-11 00:00,我很想努力，可是我抑郁！,6514907155,0
https://weibo.cn/5063744248/H6D4hpULk,2018-12-11 00:07,对呀,6289187370,0
https://weibo.cn/5063744248/H6D4hpULk,2018-12-11 00:07,转发微博,5293551229,0
https://weibo.cn/5063744248/H6D4hpULk,2018-12-10 23:59,努力我们要努力，我们要变成____,6313808572,0
https://weibo.cn/5063744248/H6D4hpULk,2018-12-11 00:07,[月亮],3542414231,0
https://weibo.cn/5063744248/H6D4hpULk,2018-12-11 00:07,不努力的人 才会觉得努力没用,5227885627,0
https://weibo.cn/5063744248/H6D4hpULk,2018-12-10 23:59,好的会努力的[心] [失望],5993547504,0
https://weibo.cn/5063744248/H6D4hpULk,2018-12-10 23:59,没办法呀~为了自己爱的人，也为自己，必须要努力,6063580489,0
https://weibo.cn/5063744248/H6D4hpULk,2018-12-11 00:06,说的对,1784744134,0
https://weibo.cn/5063744248/H6D4hpULk,2018-12-10 23:58,努力！奋斗！加油！明天会更好！,5262524555,0
https://weibo.cn/5063744248/H6D4hpULk,2018-12-10 23:58,加油[加油],5544242165,0
https://weibo.cn/5063744248/H6D4hpULk,2018-12-11 00:06,嗯，要努力！不能为自己的不努力找借口，期待更好的自己[加油]满满正能量[米奇比心][米奇比心][米奇比心],5580668409,0
https://weibo.cn/5063744248/H6D4hpULk,2018-12-10 23:58,要成为更好的自己,3995768781,0
https://weibo.cn/5063744248/H6D4hpULk,2018-12-10 23:58,努力变优秀,5310349889,0
https://weibo.cn/5063744248/H6D4hpULk,2018-12-11 00:11,我们一起努力，成为更好的自己,6590823862,0
https://weibo.cn/5063744248/H6D4hpULk,2018-12-11 00:05,努力，共勉,5901261525,0
https://weibo.cn/5063744248/H6D4hpULk,2018-12-11 00:04,需要一直努力努力再努力[强壮],3084480025,0
https://weibo.cn/5063744248/H6D4hpULk,2018-12-10 23:58,终有一天我会成为更好的自己,5666261530,0
https://weibo.cn/5063744248/H6D4hpULk,2018-12-11 00:14,回复@一个爱吃烧烤的小仙女儿:好的谢谢,6591318505,0
https://weibo.cn/5063744248/H6D4hpULk,2018-12-11 00:14,回复@小拳拳o:可以的，我们私聊说吧,6505812100,0
https://weibo.cn/5063744248/H6D4hpULk,2018-12-11 00:11,努力总有努力的结果 无论成不成功 我能做的唯有努力[加油][加油][加油],1153135134,0
https://weibo.cn/5063744248/H6D4hpULk,2018-12-10 23:55,努力也是一种天赋，坚持下去[羞嗒嗒],1806717315,0
https://weibo.cn/5063744248/H6D4hpULk,2018-12-10 23:54,努力是一种态度，也是一种行动,3426291362,1
https://weibo.cn/5063744248/H6D4hpULk,2018-12-11 00:14,回复@一个爱吃烧烤的小仙女儿:能说下具体方法吗？脸颊有好多[泪],6591318505,0
https://weibo.cn/5063744248/H6D4hpULk,2018-12-11 00:13,回复@小拳拳o:我是慢慢调好的,6505812100,0
https://weibo.cn/5063744248/H6D4hpULk,2018-12-11 00:10,[月亮],3684272367,0
https://weibo.cn/5063744248/H6D4hpULk,2018-12-11 00:10,哦[跪了],5685228223,0
https://weibo.cn/5063744248/H6D4hpULk,2018-12-10 23:54,回复@乱世巨咩:努力从来都是有用的，不管结果如何对你都是有用的,2005139613,1
https://weibo.cn/5063744248/H6D4hpULk,2018-12-10 23:53,坚持下去[加油],3209397304,0
https://weibo.cn/5063744248/H6D4hpULk,2018-12-11 00:13,回复@一个爱吃烧烤的小仙女儿:想知道你的斑怎么去掉的,6591318505,0
https://weibo.cn/5063744248/H6D4hpULk,2018-12-11 00:12,不能总感觉自己什么也做不了，你不去努力又怎么会知道结果？当我努力把斑去掉之后，我就知道我是可以的[加油][加油][加油],6505812100,8
https://weibo.cn/5063744248/H6D4hpULk,2018-12-11 00:09,会努力生活的,6545218798,0
https://weibo.cn/5063744248/H6D4hpULk,2018-12-10 23:53,站立着的心 唯有努力努力再努力[心],2217214705,0
https://weibo.cn/5063744248/H6D4hpULk,2018-12-10 23:53,[加油][加油][加油][加油][加油],2344115393,0
https://weibo.cn/5063744248/H6D4hpULk,2018-12-11 00:12,即使起点低，即使眼下困难，但只要你不害怕努力，坚持下去，终有一天，你会成为更好的自己。 ,2351684672,0
https://weibo.cn/5063744248/H6D4hpULk,2018-12-11 00:09,加油加油加油相信自己,1945804747,0
https://weibo.cn/5063744248/H6D4hpULk,2018-12-11 00:09,下面，请袁华朗诵获奖作文《我的区长父亲》[二哈],6516896180,0
https://weibo.cn/5063744248/H6D4hpULk,2018-12-10 23:52,转发微博,2876995752,0
https://weibo.cn/5063744248/H6D4hpULk,2018-12-11 00:17,回复@一个爱吃烧烤的小仙女儿:越努力越幸运[加油][加油],6541068675,0
https://weibo.cn/5063744248/H6D4hpULk,2018-12-11 00:09,听说更你互动能增加阳光信用,2681505731,0
https://weibo.cn/5063744248/H6D4hpULk,2018-12-11 00:08,不努力的人才会觉得努力没用！,2744236767,0
https://weibo.cn/5063744248/H6D4hpULk,2018-12-11 00:16,不努力的人，才会觉得努力没用  加油,6536525233,0
https://weibo.cn/5063744248/H6D4hpULk,2018-12-11 00:16,回复@一个爱吃烧烤的小仙女儿:我的是晒斑该咋办啊[悲伤][悲伤][悲伤],6591715844,0
https://weibo.cn/5063744248/H6D4hpULk,2018-12-11 00:15,回复@一个爱吃烧烤的小仙女儿:那我私信你了，麻烦回复下吧，谢谢,5583318375,0
https://weibo.cn/5063744248/H6D4hpULk,2018-12-11 00:15,变成更好的自己[加油][加油][加油],3211113504,0
https://weibo.cn/5063744248/H6D4hpULk,2018-12-11 00:15,回复@小矮i人:我的是遗传的都好了，你的应该好调理吧,6505812100,0
https://weibo.cn/5063744248/H6D4hpULk,2018-12-11 00:15,回复@一个爱吃烧烤的小仙女儿:生宝宝留下的斑能去掉吗？,5583318375,0
https://weibo.cn/5063744248/H6D4hpULk,2018-12-11 00:22,努力努力再努力@努力努力再努力x  ,1686340315,0
https://weibo.cn/5063744248/H6D4hpULk,2018-12-11 00:22,转发微博,5496581013,0
https://weibo.cn/5063744248/H6D4hpULk,2018-12-11 00:21,努力一直都不是个贬义词啊,5292410296,0
https://weibo.cn/5063744248/H6D4hpULk,2018-12-11 00:20,努力让自己过得开心[心],2843849555,0
https://weibo.cn/5063744248/H6D4hpULk,2018-12-11 00:20,越努力越幸运，我欣赏努力的人，并且向他们靠近,5717536742,0
https://weibo.cn/5063744248/H6D4hpULk,2018-12-11 00:19,加油，晚安[月亮],5240395231,0
https://weibo.cn/5063744248/H6D4hpULk,2018-12-11 00:19,回复@一个爱吃烧烤的小仙女儿:怎么去掉的？,5522899941,0
https://weibo.cn/5063744248/H6D4hpULk,2018-12-11 00:18,回复@一个爱吃烧烤的小仙女儿:我想知道怎么去黄褐斑呀[泪],6512971923,0
https://weibo.cn/5063744248/H6D4hpULk,2018-12-11 00:33,努力,6405064755,0
https://weibo.cn/5063744248/H6D4hpULk,2018-12-11 00:30,说努力没用的人，他是没有真正努力过，假如你是一个高度自律的人，你什么事会做不好呢,6538983293,0
https://weibo.cn/5063744248/H6D4hpULk,2018-12-11 00:29,冲鸭，努力呀[给你小心心],6000403281,0
https://weibo.cn/5063744248/H6D4hpULk,2018-12-11 00:29,不努力的人，才会觉得努力没用,6689263350,0
https://weibo.cn/5063744248/H6D4hpULk,2018-12-11 00:26,努力无用论的都是拿自己无法企及的东西在做比较。然而这是一个仅仅和自我有关的问题，努力能够给自我带来增益就够了。,5044141139,0
https://weibo.cn/5063744248/H6D4hpULk,2018-12-11 00:24,加油,5619583753,0
https://weibo.cn/5063744248/H6D4hpULk,2018-12-11 00:23,努力或多或少会有用的，那些不努力的人才总嘲笑着努力的孩子,5372168623,0
https://weibo.cn/5063744248/H6D4hpULk,2018-12-11 00:22,#努力不懈# 加油！蚂蚁们！,2284566433,0
https://weibo.cn/5063744248/H6D4hpULk,2018-12-11 00:41,趁热 干,1977131100,0
https://weibo.cn/5063744248/H6D4hpULk,2018-12-11 00:40,努力去成为你想成为的人，共勉[米奇比心],5580042981,0
https://weibo.cn/5063744248/H6D4hpULk,2018-12-11 00:40,努力[二哈],5896469635,0
https://weibo.cn/5063744248/H6D4hpULk,2018-12-11 00:39,努力努力努力努力努力努力加倍努力，世界一定为你打开那道门,6093473300,0
https://weibo.cn/5063744248/H6D4hpULk,2018-12-11 00:38,因为比你优秀的人比你还努力 你有什么理由不努力 加油[强壮],2523694977,0
https://weibo.cn/5063744248/H6D4hpULk,2018-12-11 00:38,回复@全微博第二帅的人:[哈哈],1977131100,0
https://weibo.cn/5063744248/H6D4hpULk,2018-12-11 00:37,回复@贪睡的大猫熊:查水表，一天说什么大实话[喵喵],1977131100,1
https://weibo.cn/5063744248/H6D4hpULk,2018-12-11 00:38,#日行一善[超话]# 就应该用老号来着……740+的信用分[拜拜],6625292263,0
https://weibo.cn/5063744248/H6D4hpULk,2018-12-11 00:38,！要努力！,6064852676,0
https://weibo.cn/5063744248/H6D4hpULk,2018-12-11 00:37,Repost,1933665585,0
https://weibo.cn/5063744248/H6D4hpULk,2018-12-11 00:37,回复@童话里你的样子:收获的前提一定要付出，耐心点，毕竟不是所有努力的人都能过上想要的生活。做自己！,1977131100,0
https://weibo.cn/5063744248/H6D4hpULk,2018-12-11 00:38,没错,6715126578,0
https://weibo.cn/5063744248/H6D4hpULk,2018-12-11 00:35,要做个努力的人，努力读书，努力科研，为祖国的建设献出自己的力量[心][心],5927947062,0
https://weibo.cn/5063744248/H6D4hpULk,2018-12-11 00:34,努力才会有收获 越努力越幸运[赞]@人民日报 ,2073803800,0
https://weibo.cn/5063744248/H6D4hpULk,2018-12-11 00:43,昨天的鸡汤早了两个小时，凉了,1438549584,0
https://weibo.cn/5063744248/H6D4hpULk,2018-12-11 00:34,#每日一善# ,6555945496,0
https://weibo.cn/5063744248/H6D4hpULk,2018-12-11 00:43,不努力就只能过着不努力的生活,6020911001,0
https://weibo.cn/5063744248/H6D4hpULk,2018-12-11 00:42,嗯嗯嗯,6780509489,0
https://weibo.cn/5063744248/H6D4hpULk,2018-12-11 00:53,愿我能成为更好的自己[心],5343448092,0
https://weibo.cn/5063744248/H6D4hpULk,2018-12-11 00:34,即使是起点很低，即使是眼下困难，只要你不害怕努力，一切都不足为惧。多符合我现在的心境,5727862111,0
https://weibo.cn/5063744248/H6D4hpULk,2018-12-11 00:42,转发微博,1928791481,0
https://weibo.cn/5063744248/H6D4hpULk,2018-12-11 00:53,[加油][加油][加油]越努力越幸运，加油加油学好英语！！！,5842671956,0
https://weibo.cn/5063744248/H6D4hpULk,2018-12-11 00:42,不努力，你根本不知道什么是绝望，比如，你切了小jj，变性了，但仍然改变不了你基因上还是男性的试试,5183591891,0
https://weibo.cn/5063744248/H6D4hpULk,2018-12-11 00:50,努力成为一个更好的自己。[微笑],6300643160,0
https://weibo.cn/5063744248/H6D4hpULk,2018-12-11 00:49,唉,1184831110,0
https://weibo.cn/5063744248/H6D4hpULk,2018-12-11 00:42,加油,5482342511,0
https://weibo.cn/5063744248/H6D4hpULk,2018-12-11 00:41,要加油要努力呀,6442439164,0
https://weibo.cn/5063744248/H6D4hpULk,2018-12-11 00:47,加油[拳头][拳头],5642286388,0
https://weibo.cn/5063744248/H6D4hpULk,2018-12-11 00:45,转发微博,2950759674,0
https://weibo.cn/5063744248/H6D4hpULk,2018-12-11 01:08,[加油],5663232635,0
https://weibo.cn/5063744248/H6D4hpULk,2018-12-11 01:06,谢谢今日份鸡汤[笑哈哈],6723774510,0
https://weibo.cn/5063744248/H6D4hpULk,2018-12-11 01:05,[祈祷][祈祷][祈祷][祈祷][祈祷][祈祷][祈祷][祈祷],3368938900,0
https://weibo.cn/5063744248/H6D4hpULk,2018-12-11 01:05,岂能尽如人意，但求无愧我心,5945606633,1
https://weibo.cn/5063744248/H6D4hpULk,2018-12-11 01:03,活着就很努力了,3203171584,0
https://weibo.cn/5063744248/H6D4hpULk,2018-12-11 01:03,回复@喝水阿姨:对了，我室友可以背下小数点后的几百位，但是我不行，有些东西不是努力就行的，智商真的很重要,5070335146,0
https://weibo.cn/5063744248/H6D4hpULk,2018-12-11 01:02,越努力越幸运，加油吖[加油],5409027574,0
https://weibo.cn/5063744248/H6D4hpULk,2018-12-11 01:02,回复@喝水阿姨:我室友10分钟可以背下80个单词，打死我我也做不到,5070335146,0
https://weibo.cn/5063744248/H6D4hpULk,2018-12-11 01:27,加油努力！回报祖国[米奇比心],5173917398,0
https://weibo.cn/5063744248/H6D4hpULk,2018-12-11 01:00,[加油][加油][加油],3555706475,0
https://weibo.cn/5063744248/H6D4hpULk,2018-12-11 01:18,被永恒引渡 成果而甘[给你小心心],6366903933,0
https://weibo.cn/5063744248/H6D4hpULk,2018-12-11 01:00,一直努力吧[微风][微风][微风],1576976331,0
https://weibo.cn/5063744248/H6D4hpULk,2018-12-11 01:00,有益身心,5363250067,0
https://weibo.cn/5063744248/H6D4hpULk,2018-12-11 01:18,//@乱世巨咩:不努力的人，才会觉得努力没用[心][赞],6515109614,0
https://weibo.cn/5063744248/H6D4hpULk,2018-12-11 01:00,我觉得读书很好,5363250067,0
https://weibo.cn/5063744248/H6D4hpULk,2018-12-11 00:58,就请一直好好的努力吧！！,5352231087,0
https://weibo.cn/5063744248/H6D4hpULk,2018-12-11 01:14,努力不一定会成功，但努力一定会有一个努力的结果。,3951051517,0
https://weibo.cn/5063744248/H6D4hpULk,2018-12-11 00:57,每天努力一点，就会进步一点！,6365780523,0
https://weibo.cn/5063744248/H6D4hpULk,2018-12-11 01:41,[心]越努力越幸运（来自喷着香奈儿香水的劳斯莱斯轿车里的美国苹果牌手机客户端）,5188659980,0
https://weibo.cn/5063744248/H6D4hpULk,2018-12-11 01:13,努力很重要,5620066108,0
https://weibo.cn/5063744248/H6D4hpULk,2018-12-11 00:55,努力坚持成为更好的自己[赞],6593215009,0
https://weibo.cn/5063744248/H6D4hpULk,2018-12-11 01:39,在努力写作业呀呀呀呀 加油 马上就睡,6377183640,0
https://weibo.cn/5063744248/H6D4hpULk,2018-12-11 01:38,努力努力[强壮],6140201214,0
https://weibo.cn/5063744248/H6D4hpULk,2018-12-11 01:13,回复@张总的女人JIE:不努力才会觉得一切无所谓,2702010790,1
https://weibo.cn/5063744248/H6D4hpULk,2018-12-11 01:10,努力了也许不一定会成功，但不努力就永远不会成功，在自己的时代，坚持自己的想法，追逐想要的生活，共勉~,3218813974,0
https://weibo.cn/5063744248/H6D4hpULk,2018-12-11 00:55,希望鸡汤日报保佑，面试过过过，就可以期待人生的下一个阶段了，不然还得继续考试，好累哦[晕][晕][米奇比心],3815214391,0
https://weibo.cn/5063744248/H6D4hpULk,2018-12-11 01:37,你说得对！,2236608372,0
https://weibo.cn/5063744248/H6D4hpULk,2018-12-11 01:32,[给你小心心],6030604264,0
https://weibo.cn/5063744248/H6D4hpULk,2018-12-11 02:14,越努力越幸运[赞]@人民日报  ,6601226466,1
https://weibo.cn/5063744248/H6D4hpULk,2018-12-11 02:08,嗯嗯,6351695748,0
https://weibo.cn/5063744248/H6D4hpULk,2018-12-11 01:49,所以越长大越认识到知识就是力量...可惜没有重来,3218983730,0
https://weibo.cn/5063744248/H6D4hpULk,2018-12-11 01:29,加油吧～,5797577213,0
https://weibo.cn/5063744248/H6D4hpULk,2018-12-11 01:28,回复@贪睡的大猫熊:学生会主席可以吗,5755316599,0
https://weibo.cn/5063744248/H6D4hpULk,2018-12-11 01:47,努力要找对方向，不然都是徒劳,2786979363,0
https://weibo.cn/5063744248/H6D4hpULk,2018-12-11 01:45,在这里，再努力你还是韭菜，早起的虫儿被鸟吃，想想是不[嘻嘻],5014180021,0
https://weibo.cn/5063744248/H6D4hpULk,2018-12-11 01:43,没有尝试过，怎么知道它到底有没用,2830959382,0
https://weibo.cn/5063744248/H6D4hpULk,2018-12-11 02:58,你永远不会知道下一秒会发生什么 努力的人运气不会太差,1849600262,1
https://weibo.cn/5063744248/H6D4hpULk,2018-12-11 02:54,[拳头],5331095471,0
https://weibo.cn/5063744248/H6D4hpULk,2018-12-11 02:51,要努力[作揖],2790168922,0
https://weibo.cn/5063744248/H6D4hpULk,2018-12-11 02:50,是啊 所以要努力[给你小心心][给你小心心][给你小心心][给你小心心],6367498587,1
https://weibo.cn/5063744248/H6D4hpULk,2018-12-11 02:24,道理是这个道理。,6028497208,0
https://weibo.cn/5063744248/H6D4hpULk,2018-12-11 04:24,努力[加油],5250026640,0
https://weibo.cn/5063744248/H6D4hpULk,2018-12-11 04:07,努力读书！[给你小心心][给你小心心][给你小心心],5662301219,0
https://weibo.cn/5063744248/H6D4hpULk,2018-12-11 03:59,赞同,6263034417,0
https://weibo.cn/5063744248/H6D4hpULk,2018-12-11 03:30,老哥多发点心灵鸡汤吧，我需要满满的正能量，鸡汤去面对每一天。,5682845198,0
https://weibo.cn/5063744248/H6D4hpULk,2018-12-11 03:18,整天把努力挂在嘴边才是真的没用,3219082891,0
https://weibo.cn/5063744248/H6D4hpULk,2018-12-11 03:15,不努力的人，才会觉得努力没用，说得真好啊，我是要开始努力了,5041942019,0
https://weibo.cn/5063744248/H6D4hpULk,2018-12-11 05:41,努力吧,1439911125,0
https://weibo.cn/5063744248/H6D4hpULk,2018-12-11 05:41,转发微博,1439911125,0
https://weibo.cn/5063744248/H6D4hpULk,2018-12-11 05:35,努力加油,6392258870,0
https://weibo.cn/5063744248/H6D4hpULk,2018-12-11 05:12,可惜啊在努力也只是韭菜啊,5816845288,0
https://weibo.cn/5063744248/H6D4hpULk,2018-12-11 05:10,#日行一善[超话]# 坚持成为更好的自己[绿心],6451387408,0
https://weibo.cn/5063744248/H6D4hpULk,2018-12-11 04:54,只要努力，便有收获,5856326062,0
https://weibo.cn/5063744248/H6D4hpULk,2018-12-11 04:35,做更好的自己[加油],6188827433,0
https://weibo.cn/5063744248/H6D4hpULk,2018-12-11 04:34,简直不能更同意,3408923250,0
https://weibo.cn/5063744248/H6D4hpULk,2018-12-11 06:54,不要要青春就此荒废[米奇比心],6501963380,0
https://weibo.cn/5063744248/H6D4hpULk,2018-12-11 06:50,努力！,6866607793,0
https://weibo.cn/5063744248/H6D4hpULk,2018-12-11 06:47,努力加油[good],5368520473,0
https://weibo.cn/5063744248/H6D4hpULk,2018-12-11 06:36,[加油][加油][加油],5673868489,0
https://weibo.cn/5063744248/H6D4hpULk,2018-12-11 06:35,努力坚持下去成为最好的自己,6270512078,0
https://weibo.cn/5063744248/H6D4hpULk,2018-12-11 06:33,"不努力的人,是因为发现再怎么努力也没用[二哈]",3930202499,0
https://weibo.cn/5063744248/H6D4hpULk,2018-12-11 06:08,回复@斯道客达人:一方面叫法治，另一方面新法覆盖旧事专门定制；一方面要保护中小投资者，另一方面一退了之；一方面监管失职，另一方面失职方可以巨额罚款。一声叹息！,6443128370,8
https://weibo.cn/5063744248/H6D4hpULk,2018-12-11 05:50,努力！,1791562704,0
https://weibo.cn/5063744248/H6D4hpULk,2018-12-11 05:48,回复@贪睡的大猫熊:赞同,3973300407,0
https://weibo.cn/5063744248/H6D4hpULk,2018-12-11 07:07,加油,2312676211,0
https://weibo.cn/5063744248/H6D4hpULk,2018-12-11 07:07,继续努力,6641276359,0
https://weibo.cn/5063744248/H6D4hpULk,2018-12-11 07:04,有时候越努力越觉得无能为力。。。,6833901284,0
https://weibo.cn/5063744248/H6D4hpULk,2018-12-11 07:02,努力不一定会成功 但是不努力就一定不会成功 只有努力了 才会看到努力的好处,5898157589,0
https://weibo.cn/5063744248/H6D4hpULk,2018-12-11 07:00,逆水行舟，不进则退。,5874312996,0
https://weibo.cn/5063744248/H6D4hpULk,2018-12-11 07:00,不努力的人，才会觉得努力没用。不感恩的人，才会觉得感恩没用。,6732066230,0
https://weibo.cn/5063744248/H6D4hpULk,2018-12-11 06:57,有些事情努力不一定有用，但不努力啥都没用,1827221527,0
https://weibo.cn/5063744248/H6D4hpULk,2018-12-11 06:57,回复@水蓝色贝壳女孩:努力不一定会成功 但不努力会很轻松哦[哈哈],2449337397,0
https://weibo.cn/5063744248/H6D4hpULk,2018-12-11 06:56,不努力的人，才会觉得努力没用,5560021650,0
https://weibo.cn/5063744248/H6D4hpULk,2018-12-11 07:44,每天都要努力,5138524617,0
https://weibo.cn/5063744248/H6D4hpULk,2018-12-11 07:44,颓废简单，努力很难，坚持努力更难 曾经偷过的懒，终将成为未来的难,5672073685,0
https://weibo.cn/5063744248/H6D4hpULk,2018-12-11 07:43,努力了就会有结果,2736754041,0
https://weibo.cn/5063744248/H6D4hpULk,2018-12-11 07:41,加油！冲鸭！！,5886159014,0
https://weibo.cn/5063744248/H6D4hpULk,2018-12-11 07:33,[小仙女][小仙女]对！,5995756281,0
https://weibo.cn/5063744248/H6D4hpULk,2018-12-11 07:26,鸡汤,3906481899,0
https://weibo.cn/5063744248/H6D4hpULk,2018-12-11 07:41,一直生活在舒适圈就不能走出,1010038843,0
https://weibo.cn/5063744248/H6D4hpULk,2018-12-11 07:25,努力 猿猿[拳头]跳舒m圈,6484193534,0
https://weibo.cn/5063744248/H6D4hpULk,2018-12-11 07:25,任何成就都不会从天而降的，不付出努力怎么会有收获！,2755248570,0
https://weibo.cn/5063744248/H6D4hpULk,2018-12-11 07:34,转发微博,5889085115,0
https://weibo.cn/5063744248/H6D4hpULk,2018-12-11 07:34,人还得努力,6859964866,0
https://weibo.cn/5063744248/H6D4hpULk,2018-12-11 07:22,[加油][加油][加油],5037828294,0
https://weibo.cn/5063744248/H6D4hpULk,2018-12-11 08:11,唉，要努力,6217289752,0
https://weibo.cn/5063744248/H6D4hpULk,2018-12-11 08:06,坚持,6129864320,0
https://weibo.cn/5063744248/H6D4hpULk,2018-12-11 08:00,尽力就好,6175542258,0
https://weibo.cn/5063744248/H6D4hpULk,2018-12-11 07:59,不不不  越努力越幸运是真的,3046446021,0
https://weibo.cn/5063744248/H6D4hpULk,2018-12-11 07:59,努力了，你会有50%的希望。不努力，你会有0%的希望。不要为自己的懒惰找借口,1950524400,0
https://weibo.cn/5063744248/H6D4hpULk,2018-12-11 07:57,坚持下去,6762853652,0
https://weibo.cn/5063744248/H6D4hpULk,2018-12-11 07:50,越努力越幸运 越努力越优秀,6834155614,0
https://weibo.cn/5063744248/H6D4hpULk,2018-12-11 07:50,不仅如此，他们还会讽刺那些努力的人，告诉自己，千万别做这样的人,6574701630,0
https://weibo.cn/5063744248/H6D4hpULk,2018-12-11 08:34,回复@喝水阿姨:知道有鸿沟，就别跟那样的人比。跟自己比,6646101803,5
https://weibo.cn/5063744248/H6D4hpULk,2018-12-11 08:29,你不努努力，都不知道什么是绝望[摊手],3798822217,0
https://weibo.cn/5063744248/H6D4hpULk,2018-12-11 08:28,今天的努力决定了以后你所站立的高度，群里之处决定了你看到的风景，所以只有努力努力再努力,5576644123,0
https://weibo.cn/5063744248/H6D4hpULk,2018-12-11 08:26,努力加油[米奇比心],6477741951,0
https://weibo.cn/5063744248/H6D4hpULk,2018-12-11 08:24,不努力的人，才会觉得别人的成功都是靠侥幸，然而比你优秀的人往往比你更加努力,6563601592,0
https://weibo.cn/5063744248/H6D4hpULk,2018-12-11 08:23,是吗。,1758191925,0
https://weibo.cn/5063744248/H6D4hpULk,2018-12-11 08:22,前进，前进，前进不止，使自已做一个《更好的人》前进。一生无悔。[太阳][围观][心][加油][音乐][音乐][音乐][礼物][圣诞树][耶],5941015889,0
https://weibo.cn/5063744248/H6D4hpULk,2018-12-11 08:12,回复@忍|zhangyue_:互勉,5473289621,0
https://weibo.cn/5063744248/H6D4hpULk,2018-12-11 08:49,努力努力再努力@努力努力再努力x  只跟自己比，一点点变更好,6476533087,0
https://weibo.cn/5063744248/H6D4hpULk,2018-12-11 08:47,没有白走的路，每一步都作数[羞嗒嗒],6601255541,0
https://weibo.cn/5063744248/H6D4hpULk,2018-12-11 08:43,努力不仅仅是眼前的得失，更是未来的能量储备。[中国赞],5947318077,0
https://weibo.cn/5063744248/H6D4hpULk,2018-12-11 08:41,　　人生如逆水行舟，不进则退。当所有人铆足了劲前行，只有你一个人原地踏步，你就会成为那个最容易被淘汰的人。,2858027490,0
https://weibo.cn/5063744248/H6D4hpULk,2018-12-11 08:39,做一个好看且优秀的人[太阳],6550276654,0
https://weibo.cn/5063744248/H6D4hpULk,2018-12-11 08:39,加油,5520060036,0
https://weibo.cn/5063744248/H6D4hpULk,2018-12-11 08:36,转发微博,6528272846,0
https://weibo.cn/5063744248/H6D4hpULk,2018-12-11 08:35,努力[强壮],6176205217,0
https://weibo.cn/5063744248/H6D4hpULk,2018-12-11 09:08,对,6737100386,0
https://weibo.cn/5063744248/H6D4hpULk,2018-12-11 09:05,能够持续的努力，不是一件简单的事情,1005932150,0
https://weibo.cn/5063744248/H6D4hpULk,2018-12-11 09:04,确实是这样，努力从来不会白费,3262943487,0
https://weibo.cn/5063744248/H6D4hpULk,2018-12-11 08:58,给自己加油,2440086004,0
https://weibo.cn/5063744248/H6D4hpULk,2018-12-11 08:56,小哇说希望有一个与努力对等的人生@钟汉良 [赞][赞][赞],2796035097,0
https://weibo.cn/5063744248/H6D4hpULk,2018-12-11 08:56,加油,3579400153,0
https://weibo.cn/5063744248/H6D4hpULk,2018-12-11 08:53,不努力的人才会觉得努力没用,3863564149,0
https://weibo.cn/5063744248/H6D4hpULk,2018-12-11 08:52,努力告诉自己：你要努力,3971792454,0
https://weibo.cn/5063744248/H6D4hpULk,2018-12-11 08:51,终有一天，你会成为更好的自己[给你小心心],5829434365,0
https://weibo.cn/5063744248/H6D4hpULk,2018-12-11 09:15,努力不一定会成功，成功一定需要努力！[doge],6073954463,0
https://weibo.cn/5063744248/H6D4hpULk,2018-12-11 09:14,您说得对[馋嘴],1227112960,0
https://weibo.cn/5063744248/H6D4hpULk,2018-12-11 09:10,最近一直纠结努力和运气的问题，得出法考和努力没有必然联系，运气不好也一样是会被抛弃。就很发愁啊。每天晚上都因为法考的事在做梦[泪]但现在也只能快点重新开始。努力不一定有用，但不努力一定没用啊。,6080389747,0
https://weibo.cn/5063744248/H6D4hpULk,2018-12-11 09:10,一起做一个努力的小可爱~,1939398823,0
https://weibo.cn/5063744248/H6D4hpULk,2018-12-11 09:09,加油加油，给自己打打气,5647804633,0
https://weibo.cn/5063744248/H6D4hpULk,2018-12-11 09:35,是的,2389211095,0
https://weibo.cn/5063744248/H6D4hpULk,2018-12-11 09:32,"回复@童话里你的样子:长生生物违法带病上市，害7月15日前的无辜股民雪本无归,疫苗受害者已有解决方案。吉林药监在事件中有重大责任,罚没款91亿多是长生融资骗取的百姓雪汗钱,受害股民胜诉亦索赔无门。呼吁公平正义,所有受害者赔偿应先于罚没。请大家支持转发,避免更多长生们来抢――劫,推动法治进步",5092440499,4
https://weibo.cn/5063744248/H6D4hpULk,2018-12-11 09:31,回复@贪睡的大猫熊:说这话的人一般没什么独立思考的能力。,3645672653,1
https://weibo.cn/5063744248/H6D4hpULk,2018-12-11 09:27,我本来就不努力啊，怎么了，有问题吗？,2392765420,0
https://weibo.cn/5063744248/H6D4hpULk,2018-12-11 09:20,不努力的人才会觉得努力没用!!,5948545703,0
https://weibo.cn/5063744248/H6D4hpULk,2018-12-11 09:19,勉,1818820205,0
https://weibo.cn/5063744248/H6D4hpULk,2018-12-11 09:17,比你牛的人都在努力，你有什么资格不努,6134415734,0
https://weibo.cn/5063744248/H6D4hpULk,2018-12-11 09:55,努力[作揖],6308456867,0
https://weibo.cn/5063744248/H6D4hpULk,2018-12-11 09:53,有道理,2953345811,0
https://weibo.cn/5063744248/H6D4hpULk,2018-12-11 09:50,[心]//@乱世巨咩:不努力的人，才会觉得努力没用[心][赞],5844214960,0
https://weibo.cn/5063744248/H6D4hpULk,2018-12-11 09:49,加油努力[加油],6583982400,0
https://weibo.cn/5063744248/H6D4hpULk,2018-12-11 09:46,别给自己找借口 不努力过 怎么知道自己不会成功 别轻言放弃 多一分坚持 多一分耐心 多一分冲劲 相信你一定会有收获[拳头],5764596081,0
https://weibo.cn/5063744248/H6D4hpULk,2018-12-11 09:44,[赞][赞],5183002308,0
https://weibo.cn/5063744248/H6D4hpULk,2018-12-11 09:44,【夜读：不努力的人，才会觉得努力没用】,5242345462,0
https://weibo.cn/5063744248/H6D4hpULk,2018-12-11 09:42,[给你小心心][给你小心心][给你小心心],6482881695,0
https://weibo.cn/5063744248/H6D4hpULk,2018-12-11 09:41,[小仙女],5363945342,0
https://weibo.cn/5063744248/H6D4hpULk,2018-12-11 09:36,不努力的人，才会觉得努力没用[爱你],6587207694,0
https://weibo.cn/5063744248/H6D4hpULk,2018-12-11 10:10,还是要有方向努力才好,5936677681,0
https://weibo.cn/5063744248/H6D4hpULk,2018-12-11 10:09,@勾古麻  成为更好的自己,2583721843,0
https://weibo.cn/5063744248/H6D4hpULk,2018-12-11 10:09,有些东西不是努力了就可以解决的，,6304043462,0
https://weibo.cn/5063744248/H6D4hpULk,2018-12-11 10:07,是的！,3709633364,0
https://weibo.cn/5063744248/H6D4hpULk,2018-12-11 10:04,学会努力[鼓掌],5515395264,0
https://weibo.cn/5063744248/H6D4hpULk,2018-12-11 09:56,要努力[赞]#日行一善[超话]# ,5624287708,0
https://weibo.cn/5063744248/H6D4hpULk,2018-12-11 09:56,[羞嗒嗒],6824971973,0
https://weibo.cn/5063744248/H6D4hpULk,2018-12-11 09:55,努力有收获[给你小心心],5245930388,0
https://weibo.cn/5063744248/H6D4hpULk,2018-12-11 10:40,努力不会有错的,5517160690,0
https://weibo.cn/5063744248/H6D4hpULk,2018-12-11 10:38,可是我真的努力了,5914311492,0
https://weibo.cn/5063744248/H6D4hpULk,2018-12-11 10:37,夜读：不努力的人，才会觉得努力没用,6062120883,0
https://weibo.cn/5063744248/H6D4hpULk,2018-12-11 10:37,有道理,6881135966,0
https://weibo.cn/5063744248/H6D4hpULk,2018-12-11 10:21,有些事努力也没用,5615215009,0
https://weibo.cn/5063744248/H6D4hpULk,2018-12-11 10:12,[赞],5606638850,0
https://weibo.cn/5063744248/H6D4hpULk,2018-12-11 11:13,不努力的人，才会觉得努力没用[心][赞],6679813186,0
https://weibo.cn/5063744248/H6D4hpULk,2018-12-11 11:13,转发微博,6456153116,0
https://weibo.cn/5063744248/H6D4hpULk,2018-12-11 11:06,不抛弃不放弃 坚持下去[拳头],6799650977,0
https://weibo.cn/5063744248/H6D4hpULk,2018-12-11 11:04,[拳头][拳头],5889555283,0
https://weibo.cn/5063744248/H6D4hpULk,2018-12-11 10:57,很棒[good],5864843117,0
https://weibo.cn/5063744248/H6D4hpULk,2018-12-11 10:57,我要努力我才能有收获[加油][加油][加油][拳头][拳头][拳头],5837865770,0
https://weibo.cn/5063744248/H6D4hpULk,2018-12-11 10:49,除了努力好像也没有别的能做的了,5857743254,0
https://weibo.cn/5063744248/H6D4hpULk,2018-12-11 11:52,不努力的人，才会觉得努力没用[心][心],5533608591,0
https://weibo.cn/5063744248/H6D4hpULk,2018-12-11 11:43,[给你小心心],3153619400,0
https://weibo.cn/5063744248/H6D4hpULk,2018-12-11 10:45,加油！！！,5216333445,0
https://weibo.cn/5063744248/H6D4hpULk,2018-12-11 11:36,回复@愿得一分真:说的人家坐拥几个亿不是努力的造成的是的,2859850414,0
https://weibo.cn/5063744248/H6D4hpULk,2018-12-11 11:33,回复@KING_Patent-agent:你看不惯它又干不掉它的样子真可爱，你适合自生自灭，乖以后别看病了，你没得救[微笑][微笑],6182667356,1
https://weibo.cn/5063744248/H6D4hpULk,2018-12-11 11:21,回复@愿得一分真:你这样拆人民日报的台真的好吗[doge],6081728657,0
https://weibo.cn/5063744248/H6D4hpULk,2018-12-11 12:23,一被京东坑害的[泪]#京东虚假物流# #京东强签商品# #京东诱导诈骗# 京东还我血汗钱，虚假物流，强制签收，拒绝退款还打人！,2476236784,0
https://weibo.cn/5063744248/H6D4hpULk,2018-12-11 12:20,我要好好读书,5876554436,0
https://weibo.cn/5063744248/H6D4hpULk,2018-12-11 12:18,不努力怎么知道没用,1767819843,0
https://weibo.cn/5063744248/H6D4hpULk,2018-12-11 12:15,越努力，越幸运吧,3537436844,0
https://weibo.cn/5063744248/H6D4hpULk,2018-12-11 12:09,加油加油再加油[爱你],1804037245,0
https://weibo.cn/5063744248/H6D4hpULk,2018-12-11 12:08,加油,6140822823,0
https://weibo.cn/5063744248/H6D4hpULk,2018-12-11 12:05,所以说无论做什么，有的时候是缺乏去做的勇气，做了以后会发现，哦，至少有点明白。,2793774867,0
https://weibo.cn/5063744248/H6D4hpULk,2018-12-11 12:00,[good][good]努力,6250734003,0
https://weibo.cn/5063744248/H6D4hpULk,2018-12-11 12:00,[强壮][强壮][强壮],3820484873,0
https://weibo.cn/5063744248/H6D4hpULk,2018-12-11 14:04,[憧憬]没有耕耘哪来的收货呢,3989264697,0
https://weibo.cn/5063744248/H6D4hpULk,2018-12-11 13:52,努力[强壮],2682556623,0
https://weibo.cn/5063744248/H6D4hpULk,2018-12-11 13:46,努力,3292936571,0
https://weibo.cn/5063744248/H6D4hpULk,2018-12-11 13:44,越努力越幸运[加油]加油,6523195219,0
https://weibo.cn/5063744248/H6D4hpULk,2018-12-11 13:26,我也想努力，也或许只是想想,6284076651,0
https://weibo.cn/5063744248/H6D4hpULk,2018-12-11 13:15,为了你，想变的更好,6268370821,0
https://weibo.cn/5063744248/H6D4hpULk,2018-12-11 13:06,哈哈哈哈哈哈学到了,5482702382,0
https://weibo.cn/5063744248/H6D4hpULk,2018-12-11 12:35,加油努力[耶],3366258492,0
https://weibo.cn/5063744248/H6D4hpULk,2018-12-11 15:53,学会努力，沉下心来，专注于自己喜欢的事情,1766436324,0
https://weibo.cn/5063744248/H6D4hpULk,2018-12-11 15:25,没错,3802019118,0
https://weibo.cn/5063744248/H6D4hpULk,2018-12-11 14:13,努力不仅仅是眼前的得失 更是未来的能量储蓄,5128940799,0
https://weibo.cn/5063744248/H6D4hpULk,2018-12-11 17:29,回复@往事旧念:说到了心坎,2562302623,0
https://weibo.cn/5063744248/H6D4hpULk,2018-12-11 17:28,回复@万历四百四十六年:家庭没有一点政治背景，再努力也不会作市委书记，没毛病,2562302623,0
https://weibo.cn/5063744248/H6D4hpULk,2018-12-11 17:27,回复@乱世巨咩:努力有用，但努力一辈子，还是背着一辈子债务，只是努力的后果是，生活没有把我逼向绝路,2562302623,0
https://weibo.cn/5063744248/H6D4hpULk,2018-12-11 17:27,回复@愿得一分真:进步不进步不都是人自己定义的,5674060702,0
https://weibo.cn/5063744248/H6D4hpULk,2018-12-11 17:26,回复@日常为逼为常日:资本社会，确实如此，但又无可奈何，因为这样，社会才会总体进步。,2562302623,0
https://weibo.cn/5063744248/H6D4hpULk,2018-12-11 17:25,回复@少年旦复旦兮:普通农民努力一辈子，一生最多挣两三百万，是的,2562302623,0
https://weibo.cn/5063744248/H6D4hpULk,2018-12-11 17:23,回复@明年我一定要治好我的拖延症:财富积累的初级阶段，须要努力，达到一定阶段躺着就能挣钱，比如你有一千万财富，放在银行，天天躺着请问利息如何，对于一般人不敢想又如，一个公司老总，员工辛辛苦苦，老板掌控大局员工月入3千，老板月入百万，乃至千万为什么，人家有资本，你辛苦的后果是老板财富的巨大增加，而你的工资增加无几。,2562302623,0
https://weibo.cn/5063744248/H6D4hpULk,2018-12-11 17:19,今天也要加油鸭[羞嗒嗒],5515610862,0
https://weibo.cn/5063744248/H6D4hpULk,2018-12-11 16:56,不努力的人，才会觉得努力没用,2080548311,0
